-- --------------------------------------------------------
-- Servidor:                     162.241.2.71
-- Versão do servidor:           5.7.23-23 - Percona Server (GPL), Release 23, Revision 500fcf5
-- OS do Servidor:               Linux
-- HeidiSQL Versão:              12.1.0.6537
-- --------------------------------------------------------

/*!40101 SET @OLD_CHARACTER_SET_CLIENT=@@CHARACTER_SET_CLIENT */;
/*!40101 SET NAMES utf8 */;
/*!50503 SET NAMES utf8mb4 */;
/*!40103 SET @OLD_TIME_ZONE=@@TIME_ZONE */;
/*!40103 SET TIME_ZONE='+00:00' */;
/*!40014 SET @OLD_FOREIGN_KEY_CHECKS=@@FOREIGN_KEY_CHECKS, FOREIGN_KEY_CHECKS=0 */;
/*!40101 SET @OLD_SQL_MODE=@@SQL_MODE, SQL_MODE='NO_AUTO_VALUE_ON_ZERO' */;
/*!40111 SET @OLD_SQL_NOTES=@@SQL_NOTES, SQL_NOTES=0 */;


-- Copiando estrutura do banco de dados para quaiat07_fws
CREATE DATABASE IF NOT EXISTS `quaiat07_fws` /*!40100 DEFAULT CHARACTER SET utf8 COLLATE utf8_unicode_ci */;
USE `quaiat07_fws`;

-- Copiando estrutura para tabela quaiat07_fws.carrinho
CREATE TABLE IF NOT EXISTS `carrinho` (
  `id` int(11) NOT NULL AUTO_INCREMENT,
  `usuario_id` int(11) NOT NULL,
  `produto_id` int(11) NOT NULL,
  `quantidade` int(11) NOT NULL,
  `preco_unitario` decimal(10,2) NOT NULL,
  `codigo_cupom` varchar(50) DEFAULT NULL,
  `data_criacao` datetime DEFAULT CURRENT_TIMESTAMP,
  PRIMARY KEY (`id`),
  UNIQUE KEY `usuario_produto` (`usuario_id`,`produto_id`),
  KEY `produto_id` (`produto_id`),
  CONSTRAINT `carrinho_ibfk_1` FOREIGN KEY (`produto_id`) REFERENCES `produtos` (`id`),
  CONSTRAINT `carrinho_ibfk_2` FOREIGN KEY (`usuario_id`) REFERENCES `usuarios` (`id`)
) ENGINE=InnoDB AUTO_INCREMENT=298 DEFAULT CHARSET=utf8mb4;

-- Copiando dados para a tabela quaiat07_fws.carrinho: ~13 rows (aproximadamente)
INSERT INTO `carrinho` (`id`, `usuario_id`, `produto_id`, `quantidade`, `preco_unitario`, `codigo_cupom`, `data_criacao`) VALUES
	(8, 9, 9, 3, 6.50, NULL, '2025-10-23 22:27:10'),
	(171, 12, 9, 1, 6.50, NULL, '2025-12-09 12:31:41'),
	(172, 12, 20, 1, 9.99, NULL, '2025-12-09 12:32:37'),
	(173, 12, 27, 1, 5.50, NULL, '2025-12-09 12:32:49'),
	(174, 12, 31, 2, 5.99, NULL, '2025-12-09 12:32:59'),
	(175, 12, 87, 1, 20.00, NULL, '2025-12-09 12:33:23'),
	(176, 12, 84, 1, 3.50, NULL, '2025-12-09 12:33:31'),
	(177, 12, 62, 1, 11.50, NULL, '2025-12-09 12:34:08'),
	(178, 12, 50, 1, 6.99, NULL, '2025-12-09 12:34:22'),
	(284, 4, 85, 9, 2.50, NULL, '2025-12-31 00:10:11'),
	(285, 4, 84, 7, 3.50, NULL, '2025-12-31 00:10:11'),
	(286, 4, 86, 9, 2.99, NULL, '2025-12-31 00:10:11'),
	(297, 16, 6, 1, 6.50, NULL, '2026-02-15 02:48:35');

-- Copiando estrutura para tabela quaiat07_fws.categorias
CREATE TABLE IF NOT EXISTS `categorias` (
  `id` int(11) NOT NULL AUTO_INCREMENT,
  `nome` varchar(100) NOT NULL,
  `cor` varchar(50) DEFAULT NULL,
  PRIMARY KEY (`id`),
  UNIQUE KEY `nome` (`nome`)
) ENGINE=InnoDB AUTO_INCREMENT=12 DEFAULT CHARSET=utf8mb4;

-- Copiando dados para a tabela quaiat07_fws.categorias: ~11 rows (aproximadamente)
INSERT INTO `categorias` (`id`, `nome`, `cor`) VALUES
	(1, 'BEBIDAS ALCOÓLICAS', '#8B0000'),
	(2, 'BEBIDAS NÃO ALCOÓLICAS', '#1E90FF'),
	(3, 'SORVETES', '#a200ffff'),
	(4, 'DOCES', '#ff0783ff'),
	(5, 'PROTEICOS', '#228B22'),
	(6, 'SNACKS', '#ff9500ff'),
	(7, 'LATICÍNIOS', '#00afb1ff'),
	(8, 'BISCOITOS', '#D2B48C'),
	(9, 'CIGARROS E ITENS DE FUMO', '#696969'),
	(10, 'SALGADOS', '#ceaf00ff'),
	(11, 'OUTROS', '#A9A9A9');

-- Copiando estrutura para tabela quaiat07_fws.cupom
CREATE TABLE IF NOT EXISTS `cupom` (
  `id` int(11) NOT NULL,
  `nome` varchar(50) DEFAULT NULL,
  `desconto` int(11) DEFAULT NULL,
  PRIMARY KEY (`id`)
) ENGINE=InnoDB DEFAULT CHARSET=utf8mb4;

-- Copiando dados para a tabela quaiat07_fws.cupom: ~1 rows (aproximadamente)
INSERT INTO `cupom` (`id`, `nome`, `desconto`) VALUES
	(1, 'VITAO20', 20);

-- Copiando estrutura para tabela quaiat07_fws.despesas
CREATE TABLE IF NOT EXISTS `despesas` (
  `id` int(11) NOT NULL AUTO_INCREMENT,
  `descricao` varchar(255) NOT NULL,
  `valor` decimal(10,2) NOT NULL,
  `data_despesa` date NOT NULL,
  `tipo` enum('compra','salario','manutencao','agua','luz','internet','outros') DEFAULT 'outros',
  `categoria_id` int(11) DEFAULT NULL,
  PRIMARY KEY (`id`),
  KEY `categoria_id` (`categoria_id`),
  CONSTRAINT `despesas_ibfk_1` FOREIGN KEY (`categoria_id`) REFERENCES `categorias` (`id`)
) ENGINE=InnoDB AUTO_INCREMENT=4 DEFAULT CHARSET=utf8mb4;

-- Copiando dados para a tabela quaiat07_fws.despesas: ~3 rows (aproximadamente)
INSERT INTO `despesas` (`id`, `descricao`, `valor`, `data_despesa`, `tipo`, `categoria_id`) VALUES
	(1, '', 100.00, '2025-12-05', 'luz', NULL),
	(2, '', 700.00, '2025-12-02', 'luz', NULL),
	(3, 'Refrigerador qubrou e necessitamos realizar uma manutenção.', 300.00, '2025-12-03', 'manutencao', NULL);

-- Copiando estrutura para tabela quaiat07_fws.expiracoes_pre_compras
CREATE TABLE IF NOT EXISTS `expiracoes_pre_compras` (
  `id` int(11) NOT NULL AUTO_INCREMENT,
  `usuario_id` int(11) NOT NULL,
  `venda_id` int(11) NOT NULL,
  `data_expiracao` datetime NOT NULL DEFAULT CURRENT_TIMESTAMP,
  PRIMARY KEY (`id`),
  KEY `usuario_id` (`usuario_id`),
  KEY `fk_exp_venda` (`venda_id`),
  CONSTRAINT `fk_exp_usuario` FOREIGN KEY (`usuario_id`) REFERENCES `usuarios` (`id`),
  CONSTRAINT `fk_exp_venda` FOREIGN KEY (`venda_id`) REFERENCES `vendas` (`id`)
) ENGINE=InnoDB AUTO_INCREMENT=39 DEFAULT CHARSET=utf8mb4;

-- Copiando dados para a tabela quaiat07_fws.expiracoes_pre_compras: ~26 rows (aproximadamente)
INSERT INTO `expiracoes_pre_compras` (`id`, `usuario_id`, `venda_id`, `data_expiracao`) VALUES
	(8, 4, 11, '2025-10-30 14:06:14'),
	(9, 4, 12, '2025-11-26 21:40:14'),
	(10, 4, 13, '2025-12-04 04:45:14'),
	(11, 4, 14, '2025-12-04 04:46:14'),
	(12, 4, 15, '2025-12-04 04:49:14'),
	(13, 4, 16, '2025-12-04 04:52:14'),
	(14, 4, 16, '2025-12-04 04:55:14'),
	(15, 4, 16, '2025-12-04 04:56:14'),
	(16, 4, 16, '2025-12-04 04:59:14'),
	(17, 4, 17, '2025-12-04 02:56:44'),
	(18, 4, 18, '2025-12-04 03:04:14'),
	(19, 4, 19, '2025-12-04 03:35:04'),
	(20, 4, 21, '2025-12-04 03:59:04'),
	(21, 4, 15, '2025-12-04 09:02:34'),
	(22, 4, 15, '2025-12-04 09:02:44'),
	(23, 4, 25, '2025-12-04 11:52:54'),
	(24, 4, 27, '2025-12-05 12:11:40'),
	(25, 4, 30, '2025-12-05 14:59:14'),
	(27, 10, 32, '2025-12-05 20:54:04'),
	(28, 10, 33, '2025-12-06 00:44:44'),
	(29, 10, 34, '2025-12-06 18:37:04'),
	(30, 10, 35, '2025-12-06 18:57:14'),
	(35, 14, 72, '2025-12-31 00:10:03'),
	(36, 15, 73, '2025-12-31 00:10:03'),
	(37, 15, 74, '2025-12-31 00:10:03'),
	(38, 14, 75, '2025-12-31 00:10:03');

-- Copiando estrutura para tabela quaiat07_fws.fornecedores
CREATE TABLE IF NOT EXISTS `fornecedores` (
  `id` int(11) NOT NULL AUTO_INCREMENT,
  `nome` varchar(150) NOT NULL,
  `cnpj` varchar(14) NOT NULL,
  `telefone` varchar(20) NOT NULL,
  `email` varchar(100) NOT NULL,
  PRIMARY KEY (`id`),
  UNIQUE KEY `cnpj` (`cnpj`)
) ENGINE=InnoDB AUTO_INCREMENT=23 DEFAULT CHARSET=utf8mb4;

-- Copiando dados para a tabela quaiat07_fws.fornecedores: ~22 rows (aproximadamente)
INSERT INTO `fornecedores` (`id`, `nome`, `cnpj`, `telefone`, `email`) VALUES
	(1, 'SR VINHO COMÉRCIO DE VINHOS E BEBIDAS LTDA', '24330541000146', '11947927600', 'contato@srvinhos.com.br'),
	(2, 'MULT E DIGITAL COMERCIO DE PRODUTOS ALIMENTICIOS LTDA', '37885698000180', '1141310409', 'jocalbuquerque@bol.com.br'),
	(3, 'PEPSICO DO BRASIL LTDA', '31565104000177', '1151887742', 'regulatorio@pepsico.com'),
	(4, 'SPAL IND BRASILEIRA DE BEBIDAS', '61186888000193', '1129633135', 'fiscal@kof.com'),
	(5, 'MALTE COMERCIO DE BEBIDAS LTDA MATRIZ', '24179819000126', '1940186336', 'aceduardocarrer@riftdistribuidora.com.br'),
	(6, 'EMPRESA BRASILEIRA DE DISTRIBUICAO LTDA', '05402904000914', '9132049500', 'ebdatende@ebdgrupo.com.br'),
	(7, 'AMBEV S/A CDD - SAO PAULO', '02808708000956', '1130447236', 'opobrigaces@ambev.com.br'),
	(8, 'FACIL DISTRIBUIDORA DE ALIMENTOS LTDA', '11479810000199', '1136560177', 'contato@facilsp.com.br'),
	(9, 'AT DISTRIBUIDORA E REPR', '07782291000166', '1137815439', 'pedidos@atdis.com.br'),
	(10, 'KOZZY ALIMENTOS LTDA', '01820028000138', '1145493948', 'kozzy@kozzy.com.br'),
	(11, 'NEW JUICE DISTRIBUIDORA DE BEBIDAS LTDA', '03877063000119', '1135010350', 'contato@newjuice.com.br'),
	(12, 'TRES CORACOES ALIMENTOS SA', '63310411000101', '11989821930', 'atendimento@3coracoes.com.br'),
	(13, 'NESTLE BRASIL LTDA', '60409075000152', '11978933289', 'celso.mattos@br.nestle.com'),
	(14, 'CABOCLO DISTRIBUIDOR LTDA', '60959160000194', '1150743000', 'adm@caboblodistribuidor.com.br'),
	(15, 'SAMAUMA BRANDS', '16593757000419', '1145624222', 'mcastro@samaumabrands.com'),
	(16, 'FG7 COMERCIO E DISTRIBUICAO DE BEBIDAS - EIRELI - EPP', '18694748000105', '1158513772', 'site@fg7bebidas.com.br'),
	(17, 'BRASIL KIRIN LOGISTICA E DISTRIBUICAO LTDA', '05254957003950', '1121189500', 'vendas@heineken.com.br'),
	(18, 'CONTINENTAL DISTR DE PROD ALIMENT DE HIGIENE LTDA', '05706012000150', '1146671091', 'williamp@continentalbomdia.com.br'),
	(19, 'RZS NICOLA FABRICACAO E COMERCIO DE GELO - ME', '07733106000143', '1132582632', 'luiz@fastgelo.com.br'),
	(20, 'DMA INDUSTRIA E COMERCIO DE PRODUTOS ALIMENTICIOS LTDA', '05212531000161', '1132289925', 'yscontabil@gmail.com'),
	(21, 'UNILEVER BRASIL LTDA', '61068276000104', '1135688000', 'sac@ades.com.br'),
	(22, 'LP COMERCIO DE SALGADOS LTDA', '24836224000104', '1138715778', 'legal@mwa.com.br');

-- Copiando estrutura para tabela quaiat07_fws.funcionarios
CREATE TABLE IF NOT EXISTS `funcionarios` (
  `id` int(11) NOT NULL AUTO_INCREMENT,
  `nome` varchar(100) NOT NULL,
  `cpf` varchar(14) NOT NULL,
  `email` varchar(100) NOT NULL,
  `senha` varchar(255) NOT NULL,
  `nivel_permissao` tinyint(4) NOT NULL,
  `criado_em` timestamp NULL DEFAULT CURRENT_TIMESTAMP,
  `ultimo_login` datetime DEFAULT NULL,
  `ativo` tinyint(1) DEFAULT '1',
  PRIMARY KEY (`id`),
  UNIQUE KEY `cpf` (`cpf`),
  UNIQUE KEY `email` (`email`)
) ENGINE=InnoDB AUTO_INCREMENT=2 DEFAULT CHARSET=utf8mb4;

-- Copiando dados para a tabela quaiat07_fws.funcionarios: ~1 rows (aproximadamente)
INSERT INTO `funcionarios` (`id`, `nome`, `cpf`, `email`, `senha`, `nivel_permissao`, `criado_em`, `ultimo_login`, `ativo`) VALUES
	(1, 'Mônica', '123.456.789-10', 'Monica@redecampeao.com.sp', '$2y$10$6hajNuGfFlg6txtji4XJ..HQCDtd.bonljgRVxPfqEE30GIOXNxIu', 3, '2025-08-13 13:43:01', '2026-02-15 02:31:49', 1);

-- Copiando estrutura para tabela quaiat07_fws.itens_vendidos
CREATE TABLE IF NOT EXISTS `itens_vendidos` (
  `id` int(11) NOT NULL AUTO_INCREMENT,
  `venda_id` int(11) NOT NULL,
  `produto_id` int(11) NOT NULL,
  `quantidade` int(11) NOT NULL,
  `preco_unitario` decimal(10,2) NOT NULL,
  PRIMARY KEY (`id`),
  KEY `venda_id` (`venda_id`),
  KEY `produto_id` (`produto_id`),
  CONSTRAINT `itens_vendidos_ibfk_1` FOREIGN KEY (`venda_id`) REFERENCES `vendas` (`id`),
  CONSTRAINT `itens_vendidos_ibfk_2` FOREIGN KEY (`produto_id`) REFERENCES `produtos` (`id`)
) ENGINE=InnoDB AUTO_INCREMENT=201 DEFAULT CHARSET=utf8mb4;

-- Copiando dados para a tabela quaiat07_fws.itens_vendidos: ~178 rows (aproximadamente)
INSERT INTO `itens_vendidos` (`id`, `venda_id`, `produto_id`, `quantidade`, `preco_unitario`) VALUES
	(2, 11, 15, 3, 3.50),
	(3, 12, 18, 2, 9.99),
	(4, 12, 62, 3, 11.50),
	(5, 13, 3, 1, 31.99),
	(6, 13, 9, 21, 6.50),
	(7, 14, 2, 1, 69.90),
	(8, 14, 49, 10, 6.50),
	(9, 14, 64, 3, 13.90),
	(10, 15, 2, 1, 69.90),
	(11, 16, 2, 1, 69.90),
	(12, 17, 2, 1, 69.90),
	(13, 18, 2, 1, 69.90),
	(14, 19, 2, 1, 69.90),
	(15, 20, 15, 3, 3.50),
	(16, 21, 15, 3, 3.50),
	(17, 22, 2, 1, 69.90),
	(18, 23, 15, 3, 3.50),
	(19, 24, 2, 1, 69.90),
	(20, 25, 2, 4, 69.90),
	(21, 26, 1, 8, 69.90),
	(22, 26, 9, 7, 6.50),
	(23, 27, 5, 3, 6.90),
	(24, 27, 9, 1, 6.50),
	(25, 27, 18, 3, 9.99),
	(26, 27, 28, 1, 13.50),
	(27, 28, 5, 3, 6.90),
	(28, 28, 9, 1, 6.50),
	(29, 28, 18, 3, 9.99),
	(30, 28, 28, 1, 13.50),
	(31, 29, 5, 3, 6.90),
	(32, 29, 9, 1, 6.50),
	(33, 29, 18, 3, 9.99),
	(34, 29, 28, 1, 13.50),
	(35, 30, 2, 1, 69.90),
	(55, 50, 4, 1, 14.50),
	(56, 51, 50, 10, 6.99),
	(57, 52, 3, 10, 31.99),
	(58, 53, 1, 10, 69.90),
	(59, 53, 2, 10, 69.90),
	(60, 54, 40, 10, 25.90),
	(61, 54, 41, 10, 25.90),
	(62, 55, 1, 10, 69.90),
	(63, 55, 2, 10, 69.90),
	(64, 56, 40, 10, 25.90),
	(65, 56, 41, 10, 25.90),
	(66, 57, 26, 10, 17.99),
	(67, 57, 36, 10, 22.99),
	(69, 60, 2, 2, 69.90),
	(70, 60, 18, 2, 9.99),
	(71, 60, 43, 2, 12.50),
	(72, 61, 1, 2, 69.90),
	(73, 61, 2, 1, 69.90),
	(74, 61, 15, 1, 3.50),
	(75, 62, 10, 1, 8.00),
	(77, 64, 5, 1, 6.90),
	(78, 65, 22, 1, 3.99),
	(79, 66, 33, 1, 8.50),
	(80, 67, 1, 1, 69.90),
	(81, 67, 2, 1, 69.90),
	(82, 67, 48, 2, 6.50),
	(83, 67, 57, 2, 7.50),
	(84, 68, 18, 1, 9.99),
	(85, 69, 85, 3, 2.50),
	(86, 69, 84, 3, 3.50),
	(87, 69, 86, 3, 2.99),
	(88, 70, 85, 6, 2.50),
	(89, 70, 84, 6, 3.50),
	(90, 70, 86, 6, 2.99),
	(91, 71, 85, 9, 2.50),
	(92, 71, 84, 9, 3.50),
	(93, 71, 86, 9, 2.99),
	(94, 72, 2, 1, 69.90),
	(95, 73, 3, 10, 31.99),
	(96, 73, 4, 10, 14.50),
	(97, 73, 5, 10, 6.90),
	(98, 74, 3, 10, 31.99),
	(99, 74, 4, 10, 14.50),
	(100, 74, 5, 10, 6.90),
	(101, 75, 3, 10, 31.99),
	(102, 75, 4, 10, 14.50),
	(103, 75, 5, 10, 6.90),
	(104, 75, 6, 10, 6.50),
	(105, 75, 7, 10, 8.99),
	(106, 75, 8, 10, 7.00),
	(107, 75, 9, 10, 6.50),
	(108, 75, 10, 10, 8.00),
	(109, 75, 11, 10, 8.00),
	(110, 75, 12, 10, 8.50),
	(111, 76, 3, 10, 31.99),
	(112, 76, 4, 10, 14.50),
	(113, 76, 5, 10, 6.90),
	(114, 76, 6, 10, 6.50),
	(115, 76, 7, 10, 8.99),
	(116, 76, 9, 10, 6.50),
	(117, 76, 8, 10, 7.00),
	(118, 76, 10, 10, 8.00),
	(119, 76, 11, 10, 8.00),
	(120, 76, 12, 10, 8.50),
	(121, 76, 13, 10, 3.50),
	(122, 76, 14, 10, 3.50),
	(123, 76, 15, 10, 3.50),
	(124, 76, 16, 10, 3.50),
	(125, 76, 17, 10, 3.50),
	(126, 76, 18, 10, 9.99),
	(127, 76, 19, 10, 10.99),
	(128, 76, 20, 10, 9.99),
	(129, 76, 21, 10, 6.99),
	(130, 76, 22, 10, 3.99),
	(131, 76, 23, 10, 4.00),
	(132, 76, 24, 10, 17.99),
	(133, 76, 25, 10, 17.99),
	(134, 76, 26, 10, 17.99),
	(135, 76, 27, 10, 5.50),
	(136, 76, 30, 10, 3.50),
	(137, 76, 31, 10, 5.99),
	(138, 76, 32, 10, 5.99),
	(139, 76, 33, 10, 8.50),
	(140, 76, 34, 10, 8.50),
	(141, 76, 35, 10, 22.99),
	(142, 76, 36, 10, 22.99),
	(143, 76, 37, 10, 19.99),
	(144, 76, 39, 10, 13.50),
	(145, 76, 28, 10, 13.50),
	(146, 76, 38, 10, 13.50),
	(147, 76, 29, 10, 15.99),
	(148, 76, 40, 10, 25.90),
	(149, 76, 41, 10, 25.90),
	(150, 76, 42, 10, 23.99),
	(151, 76, 43, 10, 12.50),
	(152, 76, 45, 10, 13.99),
	(153, 76, 46, 10, 12.50),
	(154, 76, 47, 10, 12.50),
	(155, 76, 48, 10, 6.50),
	(156, 76, 49, 10, 6.50),
	(157, 76, 50, 10, 6.99),
	(158, 76, 51, 10, 12.90),
	(159, 76, 52, 10, 7.50),
	(160, 76, 53, 10, 12.90),
	(161, 76, 54, 10, 8.99),
	(162, 76, 55, 10, 8.99),
	(163, 76, 56, 10, 7.50),
	(164, 76, 57, 10, 7.50),
	(165, 76, 58, 10, 7.50),
	(166, 76, 59, 10, 7.50),
	(167, 76, 60, 10, 8.50),
	(168, 76, 61, 10, 10.90),
	(169, 76, 62, 10, 11.50),
	(170, 76, 63, 10, 11.50),
	(171, 76, 64, 10, 13.90),
	(172, 76, 65, 10, 7.50),
	(173, 76, 66, 10, 7.50),
	(174, 76, 67, 10, 7.50),
	(175, 76, 68, 10, 7.50),
	(176, 76, 69, 10, 6.90),
	(177, 76, 70, 10, 6.90),
	(178, 76, 71, 10, 7.50),
	(179, 76, 72, 10, 7.50),
	(180, 76, 73, 10, 7.50),
	(181, 76, 74, 10, 7.50),
	(182, 76, 75, 10, 6.50),
	(183, 76, 76, 10, 12.00),
	(184, 76, 77, 10, 6.50),
	(185, 76, 78, 10, 6.50),
	(186, 76, 79, 10, 6.50),
	(187, 76, 80, 10, 7.50),
	(188, 76, 85, 10, 2.50),
	(189, 76, 86, 10, 2.99),
	(190, 76, 84, 10, 3.50),
	(191, 76, 88, 10, 14.00),
	(192, 76, 87, 10, 20.00),
	(193, 76, 2, 10, 69.90),
	(194, 76, 1, 10, 69.90),
	(195, 77, 40, 2, 25.90),
	(196, 77, 84, 2, 3.50),
	(197, 78, 6, 1, 6.50),
	(198, 79, 20, 1, 9.99),
	(199, 80, 27, 1, 5.50),
	(200, 80, 86, 1, 2.99);

-- Copiando estrutura para tabela quaiat07_fws.lotes_produtos
CREATE TABLE IF NOT EXISTS `lotes_produtos` (
  `id` int(11) NOT NULL AUTO_INCREMENT,
  `produto_id` int(11) NOT NULL,
  `validade` date DEFAULT NULL,
  `quantidade` int(11) NOT NULL,
  `fornecedor_id` int(11) NOT NULL,
  `chegada` date DEFAULT NULL,
  PRIMARY KEY (`id`),
  KEY `produto_id` (`produto_id`),
  KEY `fk_lote_fornecedor` (`fornecedor_id`),
  CONSTRAINT `fk_lote_fornecedor` FOREIGN KEY (`fornecedor_id`) REFERENCES `fornecedores` (`id`),
  CONSTRAINT `fk_lote_produto` FOREIGN KEY (`produto_id`) REFERENCES `produtos` (`id`)
) ENGINE=InnoDB AUTO_INCREMENT=187 DEFAULT CHARSET=utf8mb4;

-- Copiando dados para a tabela quaiat07_fws.lotes_produtos: ~165 rows (aproximadamente)
INSERT INTO `lotes_produtos` (`id`, `produto_id`, `validade`, `quantidade`, `fornecedor_id`, `chegada`) VALUES
	(17, 2, '2028-11-26', 0, 1, '2025-11-26'),
	(19, 4, '2026-11-26', 5, 3, '2025-11-26'),
	(20, 5, '2026-11-26', 0, 3, '2025-11-26'),
	(21, 6, '2026-11-26', 0, 4, '2025-11-26'),
	(22, 7, '2026-11-26', 3, 5, '2025-11-26'),
	(23, 8, '2026-11-26', 44, 6, '2025-11-26'),
	(24, 9, '2026-11-26', 48, 6, '2025-11-26'),
	(25, 10, '2026-11-26', 0, 7, '2025-11-26'),
	(26, 11, '2026-11-26', 0, 7, '2025-11-26'),
	(27, 12, NULL, 0, 2, NULL),
	(28, 13, '2026-11-26', 12, 8, '2025-11-26'),
	(29, 14, '2026-11-26', 37, 8, '2025-11-26'),
	(30, 15, '2026-11-26', 1, 8, '2025-11-26'),
	(31, 16, '2026-11-26', 24, 8, '2025-11-26'),
	(32, 17, '2026-11-26', 18, 8, '2025-11-26'),
	(34, 19, '2026-11-26', 0, 9, '2025-11-26'),
	(35, 20, '2026-11-26', 2, 9, '2025-11-26'),
	(36, 21, '2026-11-26', 11, 9, '2025-11-26'),
	(37, 22, '2026-11-26', 0, 9, '2025-11-26'),
	(38, 23, '2026-11-26', 0, 10, '2025-11-26'),
	(40, 25, '2026-11-26', 0, 10, '2025-11-26'),
	(41, 26, '2026-11-26', 0, 10, '2025-11-26'),
	(42, 27, '2026-11-26', 3, 6, '2025-11-26'),
	(43, 28, '2026-11-26', 0, 11, '2025-11-26'),
	(44, 29, '2026-11-26', 0, 11, '2025-11-26'),
	(45, 30, '2026-11-26', 0, 10, '2025-11-26'),
	(46, 31, '2026-11-26', 3, 9, '2025-11-26'),
	(47, 32, '2026-11-26', 0, 9, '2025-11-26'),
	(48, 33, '2026-11-26', 0, 9, '2025-11-26'),
	(49, 34, '2026-11-26', 0, 9, '2025-11-26'),
	(50, 35, '2026-11-26', 0, 11, '2025-11-26'),
	(51, 36, '2026-11-26', 0, 11, '2025-11-26'),
	(52, 37, '2026-11-26', 0, 11, '2025-11-26'),
	(53, 38, '2026-11-26', 2, 11, '2025-11-26'),
	(54, 39, '2026-11-26', 5, 11, '2025-11-26'),
	(55, 40, '2026-11-26', 0, 11, '2025-11-26'),
	(56, 41, '2026-11-26', 0, 11, '2025-11-26'),
	(57, 42, '2026-11-26', 0, 11, '2025-11-26'),
	(58, 43, '2026-11-26', 0, 12, '2025-11-26'),
	(59, 45, '2026-11-26', 8, 12, '2025-11-26'),
	(60, 46, '2026-11-26', 0, 13, '2025-11-26'),
	(61, 47, '2026-11-26', 5, 13, '2025-11-26'),
	(62, 48, '2026-11-26', 0, 3, '2025-11-26'),
	(63, 49, '2026-11-26', 18, 3, '2025-11-26'),
	(64, 50, '2026-11-26', 395, 12, '2025-11-26'),
	(65, 51, '2026-11-26', 0, 10, '2025-11-26'),
	(66, 52, '2026-11-26', 0, 10, '2025-11-26'),
	(67, 53, '2026-11-26', 0, 10, '2025-11-26'),
	(68, 54, '2026-11-26', 0, 10, '2025-11-26'),
	(69, 55, '2026-11-26', 0, 10, '2025-11-26'),
	(70, 56, '2026-11-26', 0, 10, '2025-11-26'),
	(71, 57, '2026-11-26', 0, 10, '2025-11-26'),
	(72, 58, '2026-11-26', 0, 10, '2025-11-26'),
	(73, 59, '2026-11-26', 0, 10, '2025-11-26'),
	(74, 60, '2026-11-26', 5, 9, '2025-11-26'),
	(75, 61, '2026-11-26', 0, 8, '2025-11-26'),
	(76, 62, '2026-11-26', 0, 8, '2025-11-26'),
	(77, 63, '2026-11-26', 0, 8, '2025-11-26'),
	(78, 64, '2026-11-26', 0, 13, '2025-11-26'),
	(79, 65, '2026-11-26', 0, 13, '2025-11-26'),
	(80, 66, '2026-11-26', 0, 13, '2025-11-26'),
	(81, 67, '2026-11-26', 0, 13, '2025-11-26'),
	(82, 68, '2026-11-26', 0, 13, '2025-11-26'),
	(83, 69, '2026-11-26', 0, 13, '2025-11-26'),
	(84, 70, '2026-11-26', 0, 13, '2025-11-26'),
	(85, 71, '2026-11-26', 0, 13, '2025-11-26'),
	(86, 72, '2026-11-26', 0, 14, '2025-11-26'),
	(87, 73, '2026-11-26', 0, 14, '2025-11-26'),
	(88, 74, '2026-11-26', 0, 14, '2025-11-26'),
	(89, 75, '2026-11-26', 0, 13, '2025-11-26'),
	(90, 76, '2026-11-26', 0, 14, '2025-11-26'),
	(91, 77, '2026-11-26', 0, 13, '2025-11-26'),
	(92, 78, '2026-11-26', 0, 13, '2025-11-26'),
	(93, 79, '2026-11-26', 0, 13, '2025-11-26'),
	(94, 80, '2026-11-26', 0, 13, '2025-11-26'),
	(95, 1, '2028-12-04', 0, 1, '2025-12-04'),
	(96, 3, '2026-12-04', 9, 3, '2025-12-04'),
	(97, 6, '2026-12-04', 14, 4, '2025-12-04'),
	(98, 80, '2026-12-05', 18, 13, '2025-12-05'),
	(99, 79, '2026-12-05', 18, 13, '2025-12-05'),
	(100, 7, '2026-12-05', 24, 5, '2025-12-05'),
	(101, 10, '2026-12-05', 20, 7, '2025-12-05'),
	(102, 12, NULL, 22, 2, NULL),
	(103, 11, '2026-12-05', 5, 7, '2025-12-05'),
	(104, 78, '2026-12-05', 19, 13, '2025-12-05'),
	(105, 1, '2028-12-05', 0, 1, '2025-12-05'),
	(106, 15, '2026-12-05', 24, 8, '2025-12-05'),
	(107, 23, '2026-12-05', 18, 10, '2025-12-05'),
	(108, 24, '2026-12-05', 14, 10, '2025-12-05'),
	(109, 25, '2026-12-05', 24, 10, '2025-12-05'),
	(110, 26, '2026-12-05', 7, 10, '2025-12-05'),
	(111, 30, '2026-12-05', 17, 10, '2025-12-05'),
	(112, 51, '2026-12-05', 19, 10, '2025-12-05'),
	(113, 52, '2026-12-05', 15, 10, '2025-12-05'),
	(114, 53, '2026-12-05', 18, 10, '2025-12-05'),
	(115, 54, '2026-12-05', 19, 10, '2025-12-05'),
	(116, 55, '2026-12-05', 21, 10, '2025-12-05'),
	(117, 56, '2026-12-05', 22, 10, '2025-12-05'),
	(118, 57, '2026-12-05', 15, 10, '2025-12-05'),
	(119, 58, '2026-12-05', 20, 10, '2025-12-05'),
	(120, 59, '2026-12-05', 17, 10, '2025-12-05'),
	(121, 23, '2026-12-05', 24, 10, '2025-12-05'),
	(122, 23, '2026-12-05', 24, 10, '2025-12-05'),
	(123, 40, '2026-12-05', 3, 11, '2025-12-05'),
	(124, 28, '2026-12-05', 20, 11, '2025-12-05'),
	(125, 29, '2026-12-05', 16, 11, '2025-12-05'),
	(126, 35, '2026-12-05', 24, 11, '2025-12-05'),
	(127, 36, '2026-12-05', 12, 11, '2025-12-05'),
	(128, 37, '2026-12-06', 24, 11, '2025-12-06'),
	(129, 38, '2026-12-05', 24, 11, '2025-12-05'),
	(131, 40, '2026-12-05', 24, 11, '2025-12-05'),
	(132, 41, '2026-12-05', 1, 11, '2025-12-05'),
	(133, 42, '2026-12-05', 17, 11, '2025-12-05'),
	(134, 46, '2026-12-05', 18, 13, '2025-12-05'),
	(135, 47, '2026-12-05', 20, 13, '2025-12-05'),
	(136, 64, '2026-12-05', 16, 13, '2025-12-05'),
	(137, 65, '2026-12-05', 14, 13, '2025-12-05'),
	(138, 66, '2026-12-05', 15, 13, '2025-12-05'),
	(139, 67, '2026-12-05', 15, 13, '2025-12-05'),
	(140, 68, '2026-12-05', 13, 13, '2025-12-05'),
	(141, 69, '2026-12-05', 17, 13, '2025-12-05'),
	(142, 70, '2026-12-05', 16, 13, '2025-12-05'),
	(143, 71, '2026-12-05', 16, 13, '2025-12-05'),
	(144, 75, '2026-12-05', 16, 13, '2025-12-05'),
	(145, 77, '2026-12-05', 18, 13, '2025-12-05'),
	(146, 78, '2026-12-05', 20, 13, '2025-12-05'),
	(147, 79, '2026-12-05', 20, 13, '2025-12-05'),
	(148, 80, '2026-12-05', 20, 13, '2025-12-05'),
	(149, 18, '2026-12-05', 7, 9, '2025-12-05'),
	(150, 19, '2026-12-05', 19, 9, '2025-12-05'),
	(151, 20, '2026-12-05', 24, 9, '2025-12-05'),
	(152, 21, '2026-12-05', 24, 9, '2025-12-05'),
	(153, 22, '2026-12-05', 24, 9, '2025-12-05'),
	(154, 31, '2026-12-05', 24, 9, '2025-12-05'),
	(155, 32, '2026-12-05', 20, 9, '2025-12-05'),
	(156, 33, '2026-12-05', 18, 9, '2025-12-05'),
	(157, 34, '2026-12-05', 17, 9, '2025-12-05'),
	(158, 60, '2026-12-05', 24, 9, '2025-12-05'),
	(159, 43, '2026-12-05', 13, 12, '2025-12-05'),
	(160, 27, '2026-12-05', 24, 6, '2025-12-05'),
	(161, 48, '2026-12-05', 20, 3, '2025-12-05'),
	(162, 61, '2026-12-05', 18, 8, '2025-12-05'),
	(163, 62, '2026-12-05', 17, 8, '2025-12-05'),
	(164, 76, '2026-12-05', 17, 14, '2025-12-05'),
	(165, 72, '2026-12-05', 15, 14, '2025-12-05'),
	(166, 73, '2026-12-05', 18, 14, '2025-12-05'),
	(167, 1, '2028-12-05', 9, 1, '2025-12-05'),
	(168, 5, '2026-12-05', 13, 3, '2025-12-05'),
	(169, 74, '2026-12-06', 7, 14, '2025-12-06'),
	(170, 63, '2026-12-07', 1, 8, '2025-12-07'),
	(171, 63, '2026-12-07', 1, 8, '2025-12-07'),
	(172, 63, '2026-12-06', 0, 8, '2025-12-06'),
	(173, 63, '2026-12-06', 0, 8, '2025-12-06'),
	(174, 39, '2026-12-06', 7, 11, '2025-12-06'),
	(175, 39, '2026-12-06', 6, 11, '2025-12-06'),
	(177, 1, '2028-12-07', 2, 1, NULL),
	(178, 1, '2028-12-08', 1, 1, NULL),
	(179, 2, '2028-12-08', 0, 1, NULL),
	(180, 1, '2028-12-08', 24, 1, NULL),
	(181, 2, '2028-12-08', 13, 1, NULL),
	(182, 84, '2026-03-09', 60, 12, '2025-12-09'),
	(183, 18, '2027-01-02', 24, 9, '2026-01-02'),
	(184, 63, '2027-01-02', 24, 8, '2026-01-02'),
	(185, 41, '2027-02-15', 24, 11, '2026-02-15'),
	(186, 4, '2027-02-15', 24, 3, '2026-02-15');

-- Copiando estrutura para tabela quaiat07_fws.movimentacao_estoque
CREATE TABLE IF NOT EXISTS `movimentacao_estoque` (
  `id` int(11) NOT NULL AUTO_INCREMENT,
  `produto_id` int(11) NOT NULL,
  `quantidade` int(11) NOT NULL,
  `tipo_movimentacao` enum('entrada','saida') NOT NULL,
  `data_movimentacao` datetime DEFAULT CURRENT_TIMESTAMP,
  `descricao` varchar(255) DEFAULT NULL,
  `venda_id` int(11) DEFAULT NULL,
  PRIMARY KEY (`id`),
  KEY `produto_id` (`produto_id`),
  KEY `venda_id` (`venda_id`),
  CONSTRAINT `movimentacao_estoque_ibfk_1` FOREIGN KEY (`produto_id`) REFERENCES `produtos` (`id`),
  CONSTRAINT `movimentacao_estoque_ibfk_2` FOREIGN KEY (`venda_id`) REFERENCES `vendas` (`id`)
) ENGINE=InnoDB AUTO_INCREMENT=246 DEFAULT CHARSET=utf8mb4;

-- Copiando dados para a tabela quaiat07_fws.movimentacao_estoque: ~242 rows (aproximadamente)
INSERT INTO `movimentacao_estoque` (`id`, `produto_id`, `quantidade`, `tipo_movimentacao`, `data_movimentacao`, `descricao`, `venda_id`) VALUES
	(1, 2, 15, 'entrada', '2025-11-23 10:53:42', NULL, NULL),
	(2, 2, 24, 'entrada', '2025-12-04 10:56:10', NULL, NULL),
	(3, 1, 24, 'entrada', '2025-12-04 11:14:28', NULL, NULL),
	(4, 3, 24, 'entrada', '2025-12-04 11:14:45', NULL, NULL),
	(5, 6, 24, 'entrada', '2025-12-04 11:20:17', NULL, NULL),
	(6, 80, 24, 'entrada', '2025-12-05 09:38:10', NULL, NULL),
	(7, 79, 24, 'entrada', '2025-12-05 09:38:27', NULL, NULL),
	(8, 7, 24, 'entrada', '2025-12-05 09:47:25', NULL, NULL),
	(9, 10, 24, 'entrada', '2025-12-05 09:51:05', NULL, NULL),
	(10, 12, 24, 'entrada', '2025-12-05 09:51:26', NULL, NULL),
	(11, 11, 5, 'entrada', '2025-12-05 09:53:16', NULL, NULL),
	(15, 78, 24, 'entrada', '2025-12-05 10:07:36', NULL, NULL),
	(16, 1, 1, 'entrada', '2025-12-05 10:14:52', NULL, NULL),
	(17, 15, 24, 'entrada', '2025-12-05 10:20:47', NULL, NULL),
	(18, 23, 24, 'entrada', '2025-12-05 10:22:03', NULL, NULL),
	(19, 24, 24, 'entrada', '2025-12-05 10:22:03', NULL, NULL),
	(20, 25, 24, 'entrada', '2025-12-05 10:22:03', NULL, NULL),
	(21, 26, 24, 'entrada', '2025-12-05 10:22:03', NULL, NULL),
	(22, 30, 24, 'entrada', '2025-12-05 10:22:03', NULL, NULL),
	(23, 51, 24, 'entrada', '2025-12-05 10:22:03', NULL, NULL),
	(24, 52, 24, 'entrada', '2025-12-05 10:22:03', NULL, NULL),
	(25, 53, 24, 'entrada', '2025-12-05 10:22:03', NULL, NULL),
	(26, 54, 24, 'entrada', '2025-12-05 10:22:03', NULL, NULL),
	(27, 55, 24, 'entrada', '2025-12-05 10:22:03', NULL, NULL),
	(28, 56, 24, 'entrada', '2025-12-05 10:22:03', NULL, NULL),
	(29, 57, 24, 'entrada', '2025-12-05 10:22:03', NULL, NULL),
	(30, 58, 24, 'entrada', '2025-12-05 10:22:03', NULL, NULL),
	(31, 59, 24, 'entrada', '2025-12-05 10:22:03', NULL, NULL),
	(32, 23, 24, 'entrada', '2025-12-05 10:27:36', NULL, NULL),
	(33, 23, 24, 'entrada', '2025-12-05 10:27:44', NULL, NULL),
	(34, 40, 24, 'entrada', '2025-12-05 10:31:26', NULL, NULL),
	(35, 28, 24, 'entrada', '2025-12-05 10:31:46', NULL, NULL),
	(36, 29, 24, 'entrada', '2025-12-05 10:31:46', NULL, NULL),
	(37, 35, 24, 'entrada', '2025-12-05 10:31:46', NULL, NULL),
	(38, 36, 24, 'entrada', '2025-12-05 10:31:46', NULL, NULL),
	(39, 37, 24, 'entrada', '2025-12-05 10:31:46', NULL, NULL),
	(40, 38, 24, 'entrada', '2025-12-05 10:31:46', NULL, NULL),
	(41, 39, 24, 'entrada', '2025-12-05 10:31:46', NULL, NULL),
	(42, 40, 24, 'entrada', '2025-12-05 10:31:46', NULL, NULL),
	(43, 41, 24, 'entrada', '2025-12-05 10:31:46', NULL, NULL),
	(44, 42, 24, 'entrada', '2025-12-05 10:31:46', NULL, NULL),
	(45, 46, 20, 'entrada', '2025-12-05 10:32:38', NULL, NULL),
	(46, 47, 20, 'entrada', '2025-12-05 10:32:38', NULL, NULL),
	(47, 64, 20, 'entrada', '2025-12-05 10:32:38', NULL, NULL),
	(48, 65, 20, 'entrada', '2025-12-05 10:32:38', NULL, NULL),
	(49, 66, 20, 'entrada', '2025-12-05 10:32:38', NULL, NULL),
	(50, 67, 20, 'entrada', '2025-12-05 10:32:38', NULL, NULL),
	(51, 68, 20, 'entrada', '2025-12-05 10:32:38', NULL, NULL),
	(52, 69, 20, 'entrada', '2025-12-05 10:32:38', NULL, NULL),
	(53, 70, 20, 'entrada', '2025-12-05 10:32:38', NULL, NULL),
	(54, 71, 20, 'entrada', '2025-12-05 10:32:38', NULL, NULL),
	(55, 75, 20, 'entrada', '2025-12-05 10:32:38', NULL, NULL),
	(56, 77, 20, 'entrada', '2025-12-05 10:32:38', NULL, NULL),
	(57, 78, 20, 'entrada', '2025-12-05 10:32:38', NULL, NULL),
	(58, 79, 20, 'entrada', '2025-12-05 10:32:38', NULL, NULL),
	(59, 80, 20, 'entrada', '2025-12-05 10:32:38', NULL, NULL),
	(60, 18, 24, 'entrada', '2025-12-05 10:34:02', NULL, NULL),
	(61, 19, 24, 'entrada', '2025-12-05 10:34:02', NULL, NULL),
	(62, 20, 24, 'entrada', '2025-12-05 10:34:02', NULL, NULL),
	(63, 21, 24, 'entrada', '2025-12-05 10:34:02', NULL, NULL),
	(64, 22, 24, 'entrada', '2025-12-05 10:34:02', NULL, NULL),
	(65, 31, 24, 'entrada', '2025-12-05 10:34:02', NULL, NULL),
	(66, 32, 24, 'entrada', '2025-12-05 10:34:02', NULL, NULL),
	(67, 33, 24, 'entrada', '2025-12-05 10:34:02', NULL, NULL),
	(68, 34, 24, 'entrada', '2025-12-05 10:34:02', NULL, NULL),
	(69, 60, 24, 'entrada', '2025-12-05 10:34:02', NULL, NULL),
	(70, 43, 24, 'entrada', '2025-12-05 10:34:16', NULL, NULL),
	(71, 27, 24, 'entrada', '2025-12-05 10:34:29', NULL, NULL),
	(72, 48, 24, 'entrada', '2025-12-05 10:34:35', NULL, NULL),
	(73, 61, 24, 'entrada', '2025-12-05 10:34:55', NULL, NULL),
	(74, 62, 24, 'entrada', '2025-12-05 10:35:10', NULL, NULL),
	(75, 76, 24, 'entrada', '2025-12-05 10:35:24', NULL, NULL),
	(76, 72, 24, 'entrada', '2025-12-05 10:35:33', NULL, NULL),
	(77, 73, 24, 'entrada', '2025-12-05 10:35:44', NULL, NULL),
	(78, 1, 24, 'entrada', '2025-12-05 10:37:42', NULL, NULL),
	(79, 5, 3, 'saida', '2025-12-05 12:13:58', NULL, 28),
	(80, 9, 1, 'saida', '2025-12-05 12:13:58', NULL, 28),
	(81, 18, 3, 'saida', '2025-12-05 12:13:58', NULL, 28),
	(82, 28, 1, 'saida', '2025-12-05 12:13:59', NULL, 28),
	(83, 1, 1, 'saida', '2025-12-05 12:22:12', NULL, NULL),
	(84, 5, 15, 'entrada', '2025-12-05 12:43:47', NULL, NULL),
	(85, 5, 3, 'saida', '2025-12-05 12:50:21', NULL, 29),
	(86, 9, 1, 'saida', '2025-12-05 12:50:21', NULL, 29),
	(87, 18, 3, 'saida', '2025-12-05 12:50:21', NULL, 29),
	(88, 28, 1, 'saida', '2025-12-05 12:50:21', NULL, 29),
	(89, 39, 24, 'saida', '2025-12-06 00:33:37', NULL, NULL),
	(90, 39, 1, 'saida', '2025-12-06 00:34:04', NULL, NULL),
	(91, 39, 1, 'saida', '2025-12-06 00:34:39', NULL, NULL),
	(92, 74, 13, 'entrada', '2025-11-19 00:36:02', NULL, NULL),
	(93, 74, 1, 'saida', '2025-12-06 00:36:32', NULL, NULL),
	(94, 63, 3, 'entrada', '2025-12-06 21:46:38', NULL, NULL),
	(95, 63, 1, 'entrada', '2025-12-06 21:58:03', NULL, NULL),
	(96, 63, 1, 'entrada', '2025-12-06 22:08:15', NULL, NULL),
	(97, 63, 1, 'entrada', '2025-12-06 22:08:38', NULL, NULL),
	(98, 39, 7, 'entrada', '2025-12-06 22:33:20', NULL, NULL),
	(99, 24, 9, 'saida', '2025-12-06 23:11:56', NULL, NULL),
	(100, 39, 24, 'saida', '2025-12-06 23:24:02', NULL, NULL),
	(101, 39, 6, 'entrada', '2025-12-06 23:31:46', NULL, NULL),
	(102, 39, 2, 'entrada', '2025-12-06 23:35:43', NULL, NULL),
	(103, 39, 2, 'saida', '2025-12-06 23:57:38', NULL, NULL),
	(104, 39, 1, 'saida', '2025-12-07 00:08:24', NULL, NULL),
	(105, 1, 2, 'entrada', '2025-12-07 00:14:22', NULL, NULL),
	(106, 4, 1, 'saida', '2025-12-07 12:39:54', NULL, 50),
	(107, 3, 10, 'saida', '2025-12-07 12:45:30', NULL, 52),
	(108, 50, 10, 'saida', '2025-12-07 12:45:33', NULL, 51),
	(109, 40, 10, 'saida', '2025-12-07 12:48:56', NULL, 54),
	(110, 41, 10, 'saida', '2025-12-07 12:48:56', NULL, 54),
	(111, 1, 10, 'saida', '2025-12-07 12:48:59', NULL, 53),
	(112, 2, 10, 'saida', '2025-12-07 12:48:59', NULL, 53),
	(113, 26, 10, 'saida', '2025-12-07 12:52:54', NULL, 57),
	(114, 36, 10, 'saida', '2025-12-07 12:52:54', NULL, 57),
	(115, 40, 10, 'saida', '2025-11-02 12:52:57', NULL, 56),
	(116, 41, 10, 'saida', '2025-11-11 12:52:57', NULL, 56),
	(117, 1, 10, 'saida', '2025-11-17 12:53:01', NULL, 55),
	(118, 2, 10, 'saida', '2025-11-27 12:53:01', NULL, 55),
	(119, 2, 20, 'saida', '2025-11-27 13:11:58', NULL, NULL),
	(120, 2, 10, 'entrada', '2025-11-07 13:12:55', NULL, NULL),
	(121, 2, 2, 'saida', '2025-12-08 00:52:21', NULL, 60),
	(122, 18, 2, 'saida', '2025-12-08 00:52:21', NULL, 60),
	(123, 43, 2, 'saida', '2025-12-08 00:52:21', NULL, 60),
	(124, 1, 1, 'entrada', '2025-12-08 00:56:28', NULL, NULL),
	(125, 2, 1, 'entrada', '2025-12-08 00:56:28', NULL, NULL),
	(126, 1, 2, 'saida', '2025-12-08 01:24:44', NULL, 61),
	(127, 2, 1, 'saida', '2025-12-08 01:24:44', NULL, 61),
	(128, 15, 1, 'saida', '2025-12-08 01:24:44', NULL, 61),
	(129, 1, 24, 'entrada', '2025-12-08 01:31:21', NULL, NULL),
	(130, 2, 24, 'entrada', '2025-12-08 01:31:21', NULL, NULL),
	(131, 10, 1, 'saida', '2025-12-08 10:15:15', NULL, 62),
	(132, 5, 1, 'saida', '2025-12-08 11:23:38', NULL, 64),
	(133, 33, 1, 'saida', '2025-12-08 12:00:34', NULL, 66),
	(134, 22, 1, 'saida', '2025-12-08 12:00:37', NULL, 65),
	(135, 1, 1, 'saida', '2025-12-09 03:09:16', NULL, 67),
	(136, 2, 1, 'saida', '2025-12-09 03:09:16', NULL, 67),
	(137, 48, 2, 'saida', '2025-12-09 03:09:16', NULL, 67),
	(138, 57, 2, 'saida', '2025-12-09 03:09:16', NULL, 67),
	(139, 18, 1, 'saida', '2025-12-09 06:45:36', NULL, 68),
	(140, 84, 90, 'saida', '2025-12-09 09:36:50', NULL, NULL),
	(141, 84, 90, 'entrada', '2025-12-09 09:36:59', NULL, NULL),
	(142, 85, 3, 'saida', '2025-12-09 11:50:19', NULL, 69),
	(143, 84, 3, 'saida', '2025-12-09 11:50:19', NULL, 69),
	(144, 86, 3, 'saida', '2025-12-09 11:50:19', NULL, 69),
	(145, 85, 6, 'saida', '2025-12-09 12:30:10', NULL, 70),
	(146, 84, 6, 'saida', '2025-12-09 12:30:10', NULL, 70),
	(147, 86, 6, 'saida', '2025-12-09 12:30:10', NULL, 70),
	(148, 85, 9, 'saida', '2025-12-09 13:59:01', NULL, 71),
	(149, 84, 9, 'saida', '2025-12-09 13:59:01', NULL, 71),
	(150, 86, 9, 'saida', '2025-12-09 13:59:01', NULL, 71),
	(151, 3, 10, 'saida', '2025-12-09 14:24:55', NULL, 76),
	(152, 4, 10, 'saida', '2025-12-09 14:24:55', NULL, 76),
	(153, 5, 10, 'saida', '2025-12-09 14:24:55', NULL, 76),
	(154, 6, 10, 'saida', '2025-12-09 14:24:55', NULL, 76),
	(155, 7, 10, 'saida', '2025-12-09 14:24:55', NULL, 76),
	(156, 9, 10, 'saida', '2025-12-09 14:24:55', NULL, 76),
	(157, 8, 10, 'saida', '2025-12-09 14:24:55', NULL, 76),
	(158, 10, 10, 'saida', '2025-12-09 14:24:55', NULL, 76),
	(159, 11, 10, 'saida', '2025-12-09 14:24:55', NULL, 76),
	(160, 12, 10, 'saida', '2025-12-09 14:24:55', NULL, 76),
	(161, 13, 10, 'saida', '2025-12-09 14:24:55', NULL, 76),
	(162, 14, 10, 'saida', '2025-12-09 14:24:55', NULL, 76),
	(163, 15, 10, 'saida', '2025-12-09 14:24:55', NULL, 76),
	(164, 16, 10, 'saida', '2025-12-09 14:24:55', NULL, 76),
	(165, 17, 10, 'saida', '2025-12-09 14:24:55', NULL, 76),
	(166, 18, 10, 'saida', '2025-12-09 14:24:55', NULL, 76),
	(167, 19, 10, 'saida', '2025-12-09 14:24:55', NULL, 76),
	(168, 20, 10, 'saida', '2025-12-09 14:24:55', NULL, 76),
	(169, 21, 10, 'saida', '2025-12-09 14:24:55', NULL, 76),
	(170, 22, 10, 'saida', '2025-12-09 14:24:55', NULL, 76),
	(171, 23, 10, 'saida', '2025-12-09 14:24:55', NULL, 76),
	(172, 24, 10, 'saida', '2025-12-09 14:24:55', NULL, 76),
	(173, 25, 10, 'saida', '2025-12-09 14:24:55', NULL, 76),
	(174, 26, 10, 'saida', '2025-12-09 14:24:55', NULL, 76),
	(175, 27, 10, 'saida', '2025-12-09 14:24:55', NULL, 76),
	(176, 30, 10, 'saida', '2025-12-09 14:24:55', NULL, 76),
	(177, 31, 10, 'saida', '2025-12-09 14:24:55', NULL, 76),
	(178, 32, 10, 'saida', '2025-12-09 14:24:55', NULL, 76),
	(179, 33, 10, 'saida', '2025-12-09 14:24:55', NULL, 76),
	(180, 34, 10, 'saida', '2025-12-09 14:24:55', NULL, 76),
	(181, 35, 10, 'saida', '2025-12-09 14:24:55', NULL, 76),
	(182, 36, 10, 'saida', '2025-12-09 14:24:55', NULL, 76),
	(183, 37, 10, 'saida', '2025-12-09 14:24:55', NULL, 76),
	(184, 39, 10, 'saida', '2025-12-09 14:24:55', NULL, 76),
	(185, 28, 10, 'saida', '2025-12-09 14:24:55', NULL, 76),
	(186, 38, 10, 'saida', '2025-12-09 14:24:55', NULL, 76),
	(187, 29, 10, 'saida', '2025-12-09 14:24:55', NULL, 76),
	(188, 40, 10, 'saida', '2025-12-09 14:24:55', NULL, 76),
	(189, 41, 10, 'saida', '2025-12-09 14:24:55', NULL, 76),
	(190, 42, 10, 'saida', '2025-12-09 14:24:55', NULL, 76),
	(191, 43, 10, 'saida', '2025-12-09 14:24:55', NULL, 76),
	(192, 45, 10, 'saida', '2025-12-09 14:24:55', NULL, 76),
	(193, 46, 10, 'saida', '2025-12-09 14:24:55', NULL, 76),
	(194, 47, 10, 'saida', '2025-12-09 14:24:55', NULL, 76),
	(195, 48, 10, 'saida', '2025-12-09 14:24:55', NULL, 76),
	(196, 49, 10, 'saida', '2025-12-09 14:24:55', NULL, 76),
	(197, 50, 10, 'saida', '2025-12-09 14:24:55', NULL, 76),
	(198, 51, 10, 'saida', '2025-12-09 14:24:55', NULL, 76),
	(199, 52, 10, 'saida', '2025-12-09 14:24:55', NULL, 76),
	(200, 53, 10, 'saida', '2025-12-09 14:24:55', NULL, 76),
	(201, 54, 10, 'saida', '2025-12-09 14:24:55', NULL, 76),
	(202, 55, 10, 'saida', '2025-12-09 14:24:55', NULL, 76),
	(203, 56, 10, 'saida', '2025-12-09 14:24:55', NULL, 76),
	(204, 57, 10, 'saida', '2025-12-09 14:24:55', NULL, 76),
	(205, 58, 10, 'saida', '2025-12-09 14:24:55', NULL, 76),
	(206, 59, 10, 'saida', '2025-12-09 14:24:55', NULL, 76),
	(207, 60, 10, 'saida', '2025-12-09 14:24:55', NULL, 76),
	(208, 61, 10, 'saida', '2025-12-09 14:24:55', NULL, 76),
	(209, 62, 10, 'saida', '2025-12-09 14:24:55', NULL, 76),
	(210, 63, 10, 'saida', '2025-12-09 14:24:55', NULL, 76),
	(211, 64, 10, 'saida', '2025-12-09 14:24:55', NULL, 76),
	(212, 65, 10, 'saida', '2025-12-09 14:24:55', NULL, 76),
	(213, 66, 10, 'saida', '2025-12-09 14:24:55', NULL, 76),
	(214, 67, 10, 'saida', '2025-12-09 14:24:55', NULL, 76),
	(215, 68, 10, 'saida', '2025-12-09 14:24:55', NULL, 76),
	(216, 69, 10, 'saida', '2025-12-09 14:24:55', NULL, 76),
	(217, 70, 10, 'saida', '2025-12-09 14:24:55', NULL, 76),
	(218, 71, 10, 'saida', '2025-12-09 14:24:55', NULL, 76),
	(219, 72, 10, 'saida', '2025-12-09 14:24:55', NULL, 76),
	(220, 73, 10, 'saida', '2025-12-09 14:24:55', NULL, 76),
	(221, 74, 10, 'saida', '2025-12-09 14:24:55', NULL, 76),
	(222, 75, 10, 'saida', '2025-12-09 14:24:55', NULL, 76),
	(223, 76, 10, 'saida', '2025-12-09 14:24:55', NULL, 76),
	(224, 77, 10, 'saida', '2025-12-09 14:24:55', NULL, 76),
	(225, 78, 10, 'saida', '2025-12-09 14:24:55', NULL, 76),
	(226, 79, 10, 'saida', '2025-12-09 14:24:55', NULL, 76),
	(227, 80, 10, 'saida', '2025-12-09 14:24:55', NULL, 76),
	(228, 85, 10, 'saida', '2025-12-09 14:24:55', NULL, 76),
	(229, 86, 10, 'saida', '2025-12-09 14:24:55', NULL, 76),
	(230, 84, 10, 'saida', '2025-12-09 14:24:55', NULL, 76),
	(231, 88, 10, 'saida', '2025-12-09 14:24:55', NULL, 76),
	(232, 87, 10, 'saida', '2025-12-09 14:24:55', NULL, 76),
	(233, 2, 10, 'saida', '2025-12-09 14:24:55', NULL, 76),
	(234, 1, 10, 'saida', '2025-12-09 14:24:55', NULL, 76),
	(235, 18, 24, 'entrada', '2026-01-02 15:50:38', NULL, NULL),
	(236, 63, 24, 'entrada', '2026-01-02 15:50:45', NULL, NULL),
	(237, 41, 24, 'entrada', '2026-02-15 02:32:16', NULL, NULL),
	(238, 4, 24, 'entrada', '2026-02-15 02:32:26', NULL, NULL),
	(239, 3, 0, 'saida', '2026-02-15 02:32:52', NULL, NULL),
	(240, 40, 2, 'saida', '2026-02-15 02:47:23', NULL, 77),
	(241, 84, 2, 'saida', '2026-02-15 02:47:23', NULL, 77),
	(242, 27, 1, 'saida', '2026-02-15 02:47:27', NULL, 80),
	(243, 86, 1, 'saida', '2026-02-15 02:47:27', NULL, 80),
	(244, 20, 1, 'saida', '2026-02-15 02:47:40', NULL, 79),
	(245, 6, 1, 'saida', '2026-02-15 02:47:47', NULL, 78);

-- Copiando estrutura para tabela quaiat07_fws.produtos
CREATE TABLE IF NOT EXISTS `produtos` (
  `id` int(11) NOT NULL AUTO_INCREMENT,
  `nome` varchar(100) NOT NULL,
  `categoria_id` int(11) NOT NULL,
  `fornecedor_id` int(11) NOT NULL,
  `descricao` text,
  `foto_produto` varchar(255) DEFAULT NULL,
  `preco_venda` decimal(10,2) DEFAULT NULL,
  `preco_compra` decimal(10,2) DEFAULT NULL,
  `estoque` int(11) DEFAULT '0',
  `validade_padrao_meses` int(11) DEFAULT NULL,
  `status` enum('ativo','inativo') DEFAULT 'ativo',
  `criado_em` timestamp NULL DEFAULT CURRENT_TIMESTAMP,
  PRIMARY KEY (`id`),
  UNIQUE KEY `id` (`id`),
  KEY `categoria_id` (`categoria_id`),
  KEY `fornecedor_id` (`fornecedor_id`),
  CONSTRAINT `produtos_ibfk_1` FOREIGN KEY (`categoria_id`) REFERENCES `categorias` (`id`),
  CONSTRAINT `produtos_ibfk_2` FOREIGN KEY (`fornecedor_id`) REFERENCES `fornecedores` (`id`)
) ENGINE=InnoDB AUTO_INCREMENT=89 DEFAULT CHARSET=utf8mb4;

-- Copiando dados para a tabela quaiat07_fws.produtos: ~84 rows (aproximadamente)
INSERT INTO `produtos` (`id`, `nome`, `categoria_id`, `fornecedor_id`, `descricao`, `foto_produto`, `preco_venda`, `preco_compra`, `estoque`, `validade_padrao_meses`, `status`, `criado_em`) VALUES
	(1, 'VINHO MALBEC 750ML', 1, 1, 'Um vinho Malbec elegante, produzido com uvas selecionadas que garantem sabor intenso, aromas frutados e taninos suaves. Ideal para acompanhar carnes vermelhas e momentos especiais.', '/fws/IMG_Produtos/1.png', 69.90, 54.90, 32, 36, 'ativo', '2025-10-20 17:54:49'),
	(2, 'VINHO DE LOS MAN CABERNET SAUVIGNON BRANCO 750ML', 1, 1, 'Vinho Cabernet Sauvignon, disponível nas versões branco ou tinto, feito com uvas premium que trazem equilíbrio entre acidez e corpo, perfeito para harmonizar com queijos e pratos sofisticados.', '/fws/IMG_Produtos/2.png', 69.90, 54.90, 41, 36, 'ativo', '2025-10-20 17:54:49'),
	(3, 'ÁGUA DE COCO KERO COCO 1L', 2, 3, 'Água de coco 100% natural, rica em eletrólitos essenciais para hidratação rápida e renovação de energia, perfeita para o dia a dia e práticas esportivas.', '/fws/IMG_Produtos/3.png', 31.99, 15.87, 10, 12, 'ativo', '2025-10-20 17:54:49'),
	(4, 'ÁGUA DE COCO KERO COCO 330ML', 2, 3, 'Em embalagem prática, essa água de coco natural é fonte de potássio e minerais, ideal para refrescar e manter a hidratação em qualquer momento.', '/fws/IMG_Produtos/4.png', 14.50, 6.56, 29, 12, 'ativo', '2025-10-20 17:54:49'),
	(5, 'ÁGUA DE COCO KERO COCO CX 200ML', 2, 3, 'Compacta e nutritiva, essa água de coco oferece hidratação natural e energia, com sabor refrescante e leve, ótima para levar na bolsa ou lancheira.', '/fws/IMG_Produtos/5.png', 6.90, 3.20, 7, 12, 'ativo', '2025-10-20 17:54:49'),
	(6, 'ÁGUA MINERAL CRYSTAL COM GÁS PET 500ML', 2, 4, 'Água mineral com gás Crystal, puro frescor e efervescência suave que revitalizam seu paladar a qualquer hora do dia.', '/fws/IMG_Produtos/6.png', 6.50, 2.24, 14, 12, 'ativo', '2025-10-20 17:54:49'),
	(7, 'ÁGUA MINERAL MINALBA COM GÁS PET 1,5L', 2, 5, 'Água mineral com gás Minalba em embalagem econômica, leve e refrescante, perfeita para acompanhar suas refeições ou momentos de lazer.', '/fws/IMG_Produtos/7.png', 8.99, 3.17, 27, 12, 'ativo', '2025-10-20 17:54:49'),
	(8, 'ÁGUA MINERAL PRATA SEM GÁS PET 510ML', 2, 6, 'Água mineral sem gás Prata, naturalmente equilibrada em minerais essenciais para uma hidratação pura e saudável.', '/fws/IMG_Produtos/8.png', 7.00, 2.85, 44, 12, 'ativo', '2025-10-20 17:54:49'),
	(9, 'ÁGUA MINERAL MINALBA SEM GÁS PET 510ML', 2, 6, 'Água mineral sem gás Minalba, de sabor leve e refrescante, ideal para manter seu corpo hidratado com qualidade e naturalidade.', '/fws/IMG_Produtos/9.png', 6.50, 2.75, 46, 12, 'ativo', '2025-10-20 17:54:49'),
	(10, 'ÁGUA TONICA ANTARCTICA DIET LT 350ML', 2, 7, 'Água tônica dietética Antarctica, com sabor marcante e refrescante, adoçada artificialmente para quem busca sabor sem calorias.', '/fws/IMG_Produtos/10.png', 8.00, 2.60, 20, 12, 'ativo', '2025-10-20 17:54:49'),
	(11, 'ÁGUA TONICA ANTARCTICA LT 350ML', 2, 7, 'Água tônica Antarctica clássica, com mistura perfeita de quinino e gás que proporciona um sabor único e refrescante para seus drinks ou momentos de relaxamento.', '/fws/IMG_Produtos/11.png', 8.00, 2.52, 5, 12, 'ativo', '2025-10-20 17:54:49'),
	(12, 'AP BARBEAR BIC CONF3 NORMAL', 11, 2, 'Kit de aparelhos de barbear BIC com 3 lâminas, oferecendo precisão e conforto para um barbear eficiente e seguro, ideal para o cuidado diário da pele.', '/fws/IMG_Produtos/12.png', 8.50, 4.11, 22, 0, 'ativo', '2025-10-20 17:54:49'),
	(13, 'BALA DROPS HALLS MENTA PCT 28G', 4, 8, 'Bala Drops Halls sabor menta, proporciona frescor imediato para a garganta, ajudando a aliviar desconfortos e refrescar o hálito.', '/fws/IMG_Produtos/13.png', 3.50, 1.19, 12, 12, 'ativo', '2025-10-20 17:54:49'),
	(14, 'BALA DROPS HALLS MENTA PRATA PCT 28G', 4, 8, 'Bala Drops Halls Menta Prata com sabor intenso e refrescante, formulada para aliviar irritações na garganta e manter o hálito puro.', '/fws/IMG_Produtos/14.png', 3.50, 1.14, 37, 12, 'ativo', '2025-10-20 17:54:49'),
	(15, 'BALA DROPS HALLS MENTOL PCT 28G', 4, 8, 'Bala Drops Halls Mentol, combinando frescor e alívio imediato para a garganta, ideal para dias frios ou ambientes secos.', '/fws/IMG_Produtos/15.png', 3.50, 1.19, 25, 12, 'ativo', '2025-10-20 17:54:49'),
	(16, 'BALA DROPS HALLS MORANGO PCT 28G', 4, 8, 'Bala Drops Halls sabor morango, doce e refrescante, que suaviza a garganta enquanto oferece um gostinho frutado irresistível.', '/fws/IMG_Produtos/16.png', 3.50, 1.19, 24, 12, 'ativo', '2025-10-20 17:54:49'),
	(17, 'BALA DROPS HALLS UVA VERDE PCT 28G', 4, 8, 'Bala Drops Halls sabor uva verde, mistura um sabor frutado com efeito refrescante, perfeita para quem busca alívio e sabor juntos.', '/fws/IMG_Produtos/17.png', 3.50, 1.19, 18, 12, 'ativo', '2025-10-20 17:54:49'),
	(18, 'BALA FINI BEIJOS MORANGO DE GELATINA PCT 100G', 4, 9, 'Bala de gelatina Fini formato beijo sabor morango, macia e saborosa, perfeita para adoçar o dia com uma explosão de sabor frutado.', '/fws/IMG_Produtos/18.png', 9.99, 4.99, 25, 12, 'ativo', '2025-10-20 17:54:49'),
	(19, 'BALA FINI DENTADURA DE GELATINA PCT 100G', 4, 9, 'Bala de gelatina Fini dentadura sabor doce, divertida e saborosa, ideal para crianças e adultos que gostam de doces macios e divertidos.', '/fws/IMG_Produtos/19.png', 10.99, 4.99, 19, 12, 'ativo', '2025-10-20 17:54:49'),
	(20, 'BALA FINI TUBES MORANGO DE GOMA PCT 80G', 4, 9, 'Bala de goma Fini sabor morango, em formato de tubo, macia e saborosa, proporciona uma experiência divertida e deliciosa para qualquer hora.', '/fws/IMG_Produtos/20.png', 9.99, 4.99, 26, 12, 'ativo', '2025-10-20 17:54:49'),
	(21, 'BALA FRUITTELLA MASTIGAVEL BLUEBERRY PCT 40G', 4, 9, 'Bala mastigável sabor blueberry, deliciosa e prática para qualquer momento do dia.', '/fws/IMG_Produtos/21.png', 6.99, 1.96, 35, 12, 'ativo', '2025-10-30 12:59:48'),
	(22, 'BALA FRUITTELLA MORANGO C CREME LEITE PCT 45G', 4, 9, 'Bala sabor morango com creme de leite, combinação irresistível de sabor e suavidade.', '/fws/IMG_Produtos/22.png', 3.99, 1.96, 24, 12, 'ativo', '2025-10-30 12:59:48'),
	(23, 'BALA MENTOS FANTA LARANJA PCT 37,5G', 4, 10, 'Bala Mentos sabor Fanta Laranja, refrescante e divertida, perfeita para qualquer hora.', '/fws/IMG_Produtos/23.png', 4.00, 1.89, 66, 12, 'ativo', '2025-10-30 12:59:48'),
	(24, 'BALA MENTOS KISS MENTA FORTE 35G', 4, 10, 'Bala Mentos sabor menta forte, oferece refrescância intensa e duradoura.', '/fws/IMG_Produtos/24.png', 17.99, 8.60, 5, 12, 'ativo', '2025-10-30 12:59:48'),
	(25, 'BALA MENTOS KISS MENTA LT 35G 50UN', 4, 10, 'Bala Mentos Kiss sabor menta em embalagem lata, ideal para compartilhar e manter o hálito fresco.', '/fws/IMG_Produtos/25.png', 17.99, 8.60, 24, 12, 'ativo', '2025-10-30 12:59:48'),
	(26, 'BALA MENTOS KISS MORANGO LT 35G', 4, 10, 'Bala Mentos Kiss sabor morango, refrescante e saborosa, perfeita para o dia a dia.', '/fws/IMG_Produtos/26.png', 17.99, 8.60, 7, 12, 'ativo', '2025-10-30 12:59:48'),
	(27, 'BALA TIC TAC PASTILHA LARANJA CX 15G', 4, 6, 'Pastilhas Tic Tac sabor laranja, pequenas e refrescantes, ideais para levar no bolso.', '/fws/IMG_Produtos/27.png', 5.50, 1.93, 27, 12, 'ativo', '2025-10-30 12:59:48'),
	(28, 'BARRA PROTEICA INTEGRAL MEDICA CRISP BROWNIE EMB 45G', 5, 11, 'Barra proteica sabor brownie crocante, ideal para recuperação muscular e nutrição prática.', '/fws/IMG_Produtos/28.png', 13.50, 7.05, 18, 12, 'ativo', '2025-10-30 12:59:48'),
	(29, 'BARRA PROTEICA NUTRATA CARAMELO EMB 45G', 5, 11, 'Barra proteica sabor caramelo, com alto teor de proteínas e textura cremosa.', '/fws/IMG_Produtos/29.png', 15.99, 0.00, 16, 12, 'ativo', '2025-10-30 12:59:48'),
	(30, 'BARRA DE CEREAL BAUDUCCO MAXI CHOCOLATE PCT 25G', 6, 10, 'Barra de cereal Bauducco sabor chocolate, deliciosa opção de lanche rápido e nutritivo.', '/fws/IMG_Produtos/30.png', 3.50, 1.13, 17, 12, 'ativo', '2025-10-30 12:59:48'),
	(31, 'BARRA DE CEREAL NUTS BAR CASTANHAS CHOCOLATE PCT 25G', 6, 9, 'Barra de cereal com castanhas e chocolate, fonte de energia e sabor para o dia a dia.', '/fws/IMG_Produtos/31.png', 5.99, 2.93, 27, 12, 'ativo', '2025-10-30 13:02:47'),
	(32, 'BARRA DE CEREAL NUTS CASTANHA E SEMENTES PCT 25G', 6, 9, 'Barra de cereal com castanhas e sementes, perfeita para lanches nutritivos e saudáveis.', '/fws/IMG_Produtos/32.png', 5.99, 2.93, 20, 12, 'ativo', '2025-10-30 13:02:47'),
	(33, 'BARRA DE CEREAL SUPINO PROTEIN CAPPUCCINO PCT 30G', 5, 9, 'Barra proteica sabor cappuccino, ideal para recuperação muscular e energia extra.', '/fws/IMG_Produtos/33.png', 8.50, 3.64, 18, 12, 'ativo', '2025-10-30 13:02:47'),
	(34, 'BARRA DE PROTEINA SUPINO COCO C CHOCOLATE 30G', 5, 9, 'Barra proteica sabor coco com chocolate, deliciosa e rica em proteínas.', '/fws/IMG_Produtos/34.png', 8.50, 3.86, 17, 12, 'ativo', '2025-10-30 13:02:47'),
	(35, 'BARRA NUTRATA PROTOBAR AVELA WHEY PCT 70G', 5, 11, 'Barra de proteína sabor avelã com whey, ideal para atletas e quem busca nutrição equilibrada.', '/fws/IMG_Produtos/35.png', 22.99, 12.22, 24, 12, 'ativo', '2025-10-30 13:02:47'),
	(36, 'BARRA NUTRATA PROTOBAR COCONUT PCT 70G', 5, 11, 'Barra de proteína sabor coco, combina alto teor proteico com sabor irresistível.', '/fws/IMG_Produtos/36.png', 22.99, 12.22, 12, 12, 'ativo', '2025-10-30 13:02:47'),
	(37, 'BARRA NUTRATA YOPRO PROTEICA MORANGO 55G', 5, 11, 'Barra proteica Yopro sabor morango, perfeita para suplementar proteínas com sabor.', '/fws/IMG_Produtos/37.png', 19.99, 10.47, 24, 12, 'ativo', '2025-10-30 13:02:47'),
	(38, 'BARRA PROTEICA INTEGRAL MEDICA TRUFA AVELA CHOC 45G', 5, 11, 'Barra proteica sabor trufa de avelã com chocolate, rica em proteínas e muito saborosa.', '/fws/IMG_Produtos/38.png', 13.50, 7.05, 26, 12, 'ativo', '2025-10-30 13:02:47'),
	(39, 'BARRA PROTEICA INTEGRAL MEDICA BAR NINHO CREME DE AVELA 45G', 5, 11, 'Barra proteica sabor Ninho com creme de avelã, deliciosa opção pós-treino.', '/fws/IMG_Produtos/39.png', 13.50, 6.63, 17, 12, 'ativo', '2025-10-30 13:02:47'),
	(40, 'BARRA PROTOBAR BROWNIE C DOCE DE LEITE HAVANNA PCT 70G', 5, 11, 'Barra proteica sabor brownie com doce de leite Havanna, indulgente e nutritiva.', '/fws/IMG_Produtos/40.png', 25.90, 13.09, 27, 12, 'ativo', '2025-10-30 13:02:47'),
	(41, 'BARRA PROTOBAR NUTRATA HAVANNA 70G', 5, 11, 'Barra proteica Nutrata sabor Havanna, perfeita para um lanche nutritivo e saboroso.', '/fws/IMG_Produtos/41.png', 25.90, 13.86, 25, 12, 'ativo', '2025-10-30 13:04:29'),
	(42, 'BARRA PROTOBAR NUTRATA SENSATIONS WHEY PCT 70G', 5, 11, 'Barra proteica Sensations Whey, ideal para complementar proteínas com praticidade e sabor.', '/fws/IMG_Produtos/42.png', 23.99, 12.22, 17, 12, 'ativo', '2025-10-30 13:04:29'),
	(43, 'BEB LACTEA 3 CORACOES CAPPUCCINO CHOCOLATE CX 260ML', 7, 12, 'Bebida láctea sabor cappuccino com chocolate, cremosa e nutritiva, perfeita para qualquer momento.', '/fws/IMG_Produtos/43.png', 12.50, 5.72, 13, 12, 'ativo', '2025-10-30 13:04:29'),
	(45, 'BEB LACTEA 3 CORACOES POWER WHEY CAPPUCCINO CLASSICO 250ML', 7, 12, 'Bebida láctea Power Whey sabor cappuccino, fonte de proteínas para energia e recuperação.', '/fws/IMG_Produtos/45.png', 13.99, 6.67, 8, 12, 'ativo', '2025-10-30 13:04:29'),
	(46, 'BEB LACTEA NESTLE NESCAU FAST 270ML', 7, 13, 'Bebida láctea Nesquik Fast, prática e saborosa, ideal para complementar sua nutrição diária.', '/fws/IMG_Produtos/46.png', 12.50, 5.14, 18, 12, 'ativo', '2025-10-30 13:04:29'),
	(47, 'BEB LACTEA NESTON FAST VITAMINA C CEREAL 280ML', 7, 13, 'Bebida láctea Neston Fast com vitamina C e cereal, perfeita para um lanche nutritivo.', '/fws/IMG_Produtos/47.png', 12.50, 5.00, 25, 12, 'ativo', '2025-10-30 13:04:29'),
	(48, 'BEB LACTEA TODDYNHO LEVINHO CX 200ML', 7, 3, 'Bebida láctea Toddy Leve, sabor chocolate suave, ideal para lanches rápidos e deliciosos.', '/fws/IMG_Produtos/48.png', 6.50, 2.35, 20, 12, 'ativo', '2025-10-30 13:04:29'),
	(49, 'BEB LACTEA TODDYNHO TRADICIONAL CX 200ML', 7, 3, 'Bebida láctea Toddy Tradicional, sabor clássico de chocolate, perfeita para crianças e adultos.', '/fws/IMG_Produtos/49.png', 6.50, 3.14, 18, 12, 'ativo', '2025-10-30 13:04:29'),
	(50, 'BEBIDA DA CAFETEIRA CAPUCCINO 3 CORACOES 200ML', 2, 12, 'Bebida de cappuccino pronta para consumo, prática, cremosa e perfeita para qualquer hora.', '/fws/IMG_Produtos/50.png', 6.99, 1.72, 395, 12, 'ativo', '2025-10-30 13:04:29'),
	(51, 'BISC BAUDUCCO BISCUIT CHOCOLATE MEIO AMARGO PCT 80G', 8, 10, 'Biscoito Bauducco sabor chocolate meio amargo, crocante e delicioso para lanches e cafés.', '/fws/IMG_Produtos/51.png', 12.90, 6.01, 19, 12, 'ativo', '2025-10-30 13:07:21'),
	(52, 'BISC BAUDUCCO CEREALE CACAU AVEIA E MEL PCT 170G', 8, 10, 'Biscoito Bauducco Cereal com cacau, aveia e mel, nutritivo e saboroso para qualquer hora do dia.', '/fws/IMG_Produtos/52.png', 7.50, 3.58, 15, 12, 'ativo', '2025-10-30 13:07:21'),
	(53, 'BISC BAUDUCCO CHOCO BISCUIT CHOCOLATE AO LEITE 80G', 8, 10, 'Biscoito Bauducco Choco Biscuit com chocolate ao leite, perfeito para lanches rápidos e doces.', '/fws/IMG_Produtos/53.png', 12.90, 6.01, 18, 12, 'ativo', '2025-10-30 13:07:21'),
	(54, 'BISC BAUDUCCO COOKIE CHOCOLATE PCT 100G', 8, 10, 'Cookie Bauducco sabor chocolate, macio por dentro e crocante por fora, ideal para acompanhar café ou lanche.', '/fws/IMG_Produtos/54.png', 8.99, 3.32, 19, 12, 'ativo', '2025-10-30 13:07:21'),
	(55, 'BISC BAUDUCCO COOKIE ORIGINAL PCT 100G', 8, 10, 'Cookie Bauducco original, sabor clássico e textura irresistível para qualquer hora do dia.', '/fws/IMG_Produtos/55.png', 8.99, 3.32, 21, 12, 'ativo', '2025-10-30 13:07:21'),
	(56, 'BISC BAUDUCCO WAFER CHOCOLATE PCT 140G', 8, 10, 'Wafer Bauducco sabor chocolate, crocante e recheado, perfeito para lanches rápidos.', '/fws/IMG_Produtos/56.png', 7.50, 3.45, 22, 12, 'ativo', '2025-10-30 13:07:21'),
	(57, 'BISC BAUDUCCO WAFER MAXI CHOCOLATE PCT 104G', 8, 10, 'Wafer Bauducco Maxi chocolate, sabor intenso e textura crocante, ideal para crianças e adultos.', '/fws/IMG_Produtos/57.png', 7.50, 3.45, 15, 12, 'ativo', '2025-10-30 13:07:21'),
	(58, 'BISC BAUDUCCO WAFER MORANGO PCT 140G', 8, 10, 'Wafer Bauducco sabor morango, crocante e delicioso, perfeito para lanches e cafés.', '/fws/IMG_Produtos/58.png', 7.50, 3.45, 20, 12, 'ativo', '2025-10-30 13:07:21'),
	(59, 'BISC BAUDUCCO WAFER TRIPLO CHOCOLATE PCT 140G', 8, 10, 'Wafer Bauducco Triplo Chocolate, crocante e recheado, ideal para quem ama chocolate.', '/fws/IMG_Produtos/59.png', 7.50, 3.45, 17, 12, 'ativo', '2025-10-30 13:07:21'),
	(60, 'BISC CASSINI POLVILHO SALGADO PCT 100G', 8, 9, 'Biscoito de polvilho Cassini, crocante e levemente salgado, ótimo para lanches e aperitivos.', '/fws/IMG_Produtos/60.png', 8.50, 3.19, 29, 12, 'ativo', '2025-10-30 13:07:21'),
	(61, 'BISC CLUB SOCIAL CROSTINI QUEIJO PARMESAO E VEGETAIS PCT 80G', 8, 8, 'Biscoito Club Social Crostini com queijo parmesão e vegetais, leve e crocante, ideal para lanches saudáveis.', '/fws/IMG_Produtos/61.png', 10.90, 5.03, 18, 12, 'ativo', '2025-10-30 13:07:42'),
	(62, 'BISC CLUB SOCIAL INTEGRAL PCT 144G', 8, 8, 'Biscoito Club Social Integral, nutritivo e crocante, perfeito para quem busca opções mais saudáveis.', '/fws/IMG_Produtos/62.png', 11.50, 5.03, 17, 12, 'ativo', '2025-10-30 13:07:42'),
	(63, 'BISC CLUB SOCIAL ORIGINAL 141G', 8, 8, 'Biscoito Club Social Original, sabor clássico e textura crocante, ideal para lanches rápidos.', '/fws/IMG_Produtos/63.png', 11.50, 5.03, 26, 12, 'ativo', '2025-10-30 13:07:42'),
	(64, 'BISC NESTLE CALIPSO RECH ORIGINAL PCT 130G', 8, 13, 'Biscoito Nestlé Calipso recheado original, sabor delicioso e perfeito para sobremesas e lanches.', '/fws/IMG_Produtos/64.png', 13.90, 6.53, 16, 12, 'ativo', '2025-10-30 13:07:42'),
	(65, 'BISC NESTLE CLASSIC RECH CHOCOLATE PCT 140G', 8, 13, 'Biscoito Nestlé Classic recheado com chocolate, crocante e irresistível, ideal para qualquer hora.', '/fws/IMG_Produtos/65.png', 7.50, 3.92, 14, 12, 'ativo', '2025-10-30 13:07:42'),
	(66, 'BISC NESTLE MOCA RECH PCT 140G', 8, 13, 'Biscoito Nestlé Moça recheado, sabor clássico e delicioso, perfeito para café ou lanche.', '/fws/IMG_Produtos/66.png', 7.50, 3.75, 15, 12, 'ativo', '2025-10-30 13:07:42'),
	(67, 'BISC NESTLE NESFIT INTEGRAL CACAU E CEREAIS PCT 160G', 8, 13, 'Biscoito Nestlé Nesfit integral com cacau e cereais, nutritivo e crocante, ideal para lanches saudáveis.', '/fws/IMG_Produtos/67.png', 7.50, 3.03, 15, 12, 'ativo', '2025-10-30 13:07:42'),
	(68, 'BISC NESTLE NESFIT INTEGRAL MORANGO E CEREAIS PCT 160G', 8, 13, 'Biscoito Nestlé Nesfit integral sabor morango com cereais, saudável e delicioso para qualquer momento.', '/fws/IMG_Produtos/68.png', 7.50, 3.58, 13, 12, 'ativo', '2025-10-30 13:07:42'),
	(69, 'BISC NESTLE PASSATEMPO RECHEADO CHOCOLATE 130G', 8, 13, 'Biscoito Passatempo recheado com chocolate, macio e saboroso, perfeito para lanches infantis.', '/fws/IMG_Produtos/69.png', 6.90, 2.63, 17, 12, 'ativo', '2025-10-30 13:07:42'),
	(70, 'BISC NESTLE PASSATEMPO RECHEADO MORANGO PCT 130G', 8, 13, 'Biscoito Passatempo recheado com morango, macio e doce, ideal para crianças e lanches rápidos.', '/fws/IMG_Produtos/70.png', 6.90, 2.63, 16, 12, 'ativo', '2025-10-30 13:07:42'),
	(71, 'BISC NESTLE RECHEADO NESCAU PCT 140G', 8, 13, 'Biscoito Nestlé recheado com Nesquik, crocante e doce, ideal para lanches e sobremesas.', '/fws/IMG_Produtos/71.png', 7.50, 3.92, 16, 12, 'ativo', '2025-10-30 13:08:18'),
	(72, 'BISC OREO ORIGINAL 90G', 8, 14, 'Biscoito Oreo Original, recheio cremoso e sabor icônico, perfeito para qualquer lanche ou sobremesa.', '/fws/IMG_Produtos/72.png', 7.50, 3.40, 15, 12, 'ativo', '2025-10-30 13:08:18'),
	(73, 'BISC OREO RECHEADO CHOCOLATE 90G', 8, 14, 'Biscoito Oreo recheado com chocolate, crocante e irresistível, ótimo para lanches rápidos.', '/fws/IMG_Produtos/73.png', 7.50, 3.46, 18, 12, 'ativo', '2025-10-30 13:08:18'),
	(74, 'BISC OREO RECHEADO MILKSHAKE MORANGO 90G', 8, 14, 'Biscoito Oreo recheado sabor milkshake de morango, doce e cremoso, perfeito para sobremesas ou lanches.', '/fws/IMG_Produtos/74.png', 7.50, 3.46, 6, 12, 'ativo', '2025-10-30 13:08:18'),
	(75, 'BISC RECHEADO BONO LIMAO PCT 90G', 8, 13, 'Biscoito Bono recheado sabor limão, macio e refrescante, ideal para lanche da tarde.', '/fws/IMG_Produtos/75.png', 6.50, 2.27, 16, 12, 'ativo', '2025-10-30 13:08:18'),
	(76, 'BISC RECHEADO NABISCO CHOCOLICIA CHOCOLATE PCT 132G', 8, 14, 'Biscoito Chocólicia recheado com chocolate, sabor intenso e irresistível, perfeito para momentos doces.', '/fws/IMG_Produtos/76.png', 12.00, 5.30, 17, 12, 'ativo', '2025-10-30 13:08:18'),
	(77, 'BISC RECHEADO NESTLE BONO CHOCOLATE PCT 90G', 8, 13, 'Biscoito Nestlé Bono recheado com chocolate, sabor clássico e macio, ideal para lanches rápidos.', '/fws/IMG_Produtos/77.png', 6.50, 2.27, 18, 12, 'ativo', '2025-10-30 13:08:18'),
	(78, 'BISC RECHEADO NESTLE NEGRESCO CHOCOLATE PCT 90G', 8, 13, 'Biscoito Nestlé Negresco recheado com chocolate, crocante e sabor intenso, perfeito para sobremesas.', '/fws/IMG_Produtos/78.png', 6.50, 2.14, 39, 12, 'ativo', '2025-10-30 13:08:18'),
	(79, 'BISC RECHEADO NESTLE NEGRESCO MORANGO PCT 90G', 8, 13, 'Biscoito Nestlé Negresco recheado sabor morango, doce e crocante, ótimo para lanches infantis.', '/fws/IMG_Produtos/79.png', 6.50, 2.27, 38, 12, 'ativo', '2025-10-30 13:08:18'),
	(80, 'BISC TOSTINES NESTLE MACA E CANELA PCT 160G', 8, 13, 'Biscoito Tostines Nestlé sabor maçã e canela, crocante e aromático, perfeito para cafés e lanches.', '/fws/IMG_Produtos/80.png', 7.50, 3.34, 38, 12, 'ativo', '2025-10-30 13:08:18'),
	(84, 'COXINHA MÉDIA 1 UNIDADE', 10, 12, 'A clássica coxinha brasileira: massa leve e dourada, com recheio de frango desfiado e temperado, garantindo sabor marcante a cada mordida. Crocante por fora e macia por dentro, é perfeita para qualquer momento do dia. Ideal para acompanhar bebidas e servir como lanche rápido.', '/fws/IMG_Produtos/84.png', 3.50, 1.50, 60, 3, 'ativo', '2025-12-09 12:13:27'),
	(85, 'BOLINHA DE QUEIJO 1 UNIDADE', 10, 12, 'Salgado tradicional feito com massa leve e crocante, recheado com queijo de alta qualidade que derrete a cada mordida. Perfeita para quem busca um lanche rápido, saboroso e irresistível. Ideal para acompanhar bebidas e servir em qualquer ocasião.', '/fws/IMG_Produtos/85.png', 2.50, 1.00, 32, 2, 'ativo', '2025-12-09 12:23:37'),
	(86, 'COCA-COLA ZERO 200ML', 2, 8, 'Refrigerante com o sabor clássico da Coca-Cola, agora sem açúcar. Leve, refrescante e ideal para quem busca reduzir calorias sem abrir mão do gosto original. A embalagem de 200ml é prática, perfeita para consumo individual e para acompanhar lanches, refeições ou momentos de pausa.', '/fws/IMG_Produtos/86.png', 2.99, 1.00, 21, 12, 'ativo', '2025-12-09 12:29:00'),
	(87, 'PRINGLES ORIGINAL 104G', 6, 3, 'Batata chips icônica, com textura crocante e sabor leve e irresistível. Vem na embalagem em tubo, que mantém as batatas sempre sequinhas e inteiras. Ideal para petiscar a qualquer hora, compartilhar com amigos ou acompanhar filmes e jogos.', '/fws/IMG_Produtos/87.png', 20.00, 13.00, 25, 8, 'ativo', '2025-12-09 12:32:45'),
	(88, 'Doritos', 6, 3, 'Tortilhas crocantes com o equilíbrio perfeito entre o doce e o picante. O Doritos Sweet Chilli combina sabor intenso, textura marcante e aquele toque levemente apimentado que fica na boca. Embalagem de 75g, ideal para lanche individual, compartilhar ou acompanhar filmes e encontros com amigos.', '/fws/IMG_Produtos/88.png', 14.00, 10.00, 40, 12, 'inativo', '2025-12-09 17:04:25');

-- Copiando estrutura para tabela quaiat07_fws.retiradas
CREATE TABLE IF NOT EXISTS `retiradas` (
  `id` int(11) NOT NULL AUTO_INCREMENT,
  `produto_id` int(11) NOT NULL,
  `usuario_id` int(11) DEFAULT NULL,
  `funcionario_id` int(11) DEFAULT NULL,
  `quantidade` int(11) NOT NULL,
  `data_retirada` datetime DEFAULT CURRENT_TIMESTAMP,
  `tipo_motivo` enum('uso_interno','roubo','quebra','doacao','outros') DEFAULT 'outros',
  `motivo` varchar(255) DEFAULT NULL,
  PRIMARY KEY (`id`),
  KEY `produto_id` (`produto_id`),
  KEY `usuario_id` (`usuario_id`),
  KEY `funcionario_id` (`funcionario_id`),
  CONSTRAINT `retiradas_ibfk_1` FOREIGN KEY (`produto_id`) REFERENCES `produtos` (`id`),
  CONSTRAINT `retiradas_ibfk_2` FOREIGN KEY (`usuario_id`) REFERENCES `usuarios` (`id`),
  CONSTRAINT `retiradas_ibfk_3` FOREIGN KEY (`funcionario_id`) REFERENCES `funcionarios` (`id`)
) ENGINE=InnoDB AUTO_INCREMENT=11 DEFAULT CHARSET=utf8mb4;

-- Copiando dados para a tabela quaiat07_fws.retiradas: ~10 rows (aproximadamente)
INSERT INTO `retiradas` (`id`, `produto_id`, `usuario_id`, `funcionario_id`, `quantidade`, `data_retirada`, `tipo_motivo`, `motivo`) VALUES
	(1, 1, NULL, 1, 1, '2025-12-05 09:58:24', 'uso_interno', 'Retirada via Estoque'),
	(2, 1, NULL, 1, 1, '2025-12-05 10:01:58', 'roubo', NULL),
	(3, 1, NULL, 1, 1, '2025-12-05 10:04:18', 'roubo', 'roubaram'),
	(4, 1, NULL, 1, 1, '2025-12-05 12:22:12', 'roubo', 'a nath roubou'),
	(5, 39, NULL, 1, 24, '2025-12-06 00:33:37', 'uso_interno', NULL),
	(6, 39, NULL, 1, 1, '2025-12-06 00:34:04', 'uso_interno', NULL),
	(7, 39, NULL, 1, 1, '2025-12-06 00:34:39', 'uso_interno', NULL),
	(8, 74, NULL, 1, 1, '2025-12-06 00:36:32', 'uso_interno', NULL),
	(9, 39, NULL, 1, 1, '2025-12-07 00:08:24', 'doacao', NULL),
	(10, 84, NULL, 1, 90, '2025-12-09 09:36:50', 'outros', NULL);

-- Copiando estrutura para tabela quaiat07_fws.usuarios
CREATE TABLE IF NOT EXISTS `usuarios` (
  `id` int(11) NOT NULL AUTO_INCREMENT,
  `nome` varchar(100) NOT NULL,
  `data_nascimento` date NOT NULL,
  `telefone` varchar(50) NOT NULL DEFAULT '',
  `cpf` char(11) NOT NULL,
  `email` varchar(100) NOT NULL,
  `senha` varchar(255) NOT NULL,
  `criado_em` timestamp NULL DEFAULT CURRENT_TIMESTAMP,
  `ultimo_login` datetime DEFAULT NULL,
  `ativo` tinyint(1) DEFAULT '1',
  `google_id` varchar(100) DEFAULT NULL,
  PRIMARY KEY (`id`),
  UNIQUE KEY `email` (`email`),
  UNIQUE KEY `cpf` (`cpf`),
  UNIQUE KEY `telefone` (`telefone`)
) ENGINE=InnoDB AUTO_INCREMENT=17 DEFAULT CHARSET=utf8mb4;

-- Copiando dados para a tabela quaiat07_fws.usuarios: ~11 rows (aproximadamente)
INSERT INTO `usuarios` (`id`, `nome`, `data_nascimento`, `telefone`, `cpf`, `email`, `senha`, `criado_em`, `ultimo_login`, `ativo`, `google_id`) VALUES
	(4, 'NIKOLAS', '2007-01-09', '(11) 96854-4147', '47944286858', 'nikolas.souzalima007@gmail.com', '$2y$10$DN2sT4jhtzeogW.CVlBzb.Y2s0n.6pp3tswHQb.R7yXe2eLg43ZFq', '2025-10-20 23:59:00', '2025-12-31 00:09:54', 0, NULL),
	(6, 'Sabrina', '2007-02-14', '11930265543', '54449709888', 'sabrina@gmail.com', '$2y$10$xVCz9nu7WWZVB25HuJQAJuVeIWKOMuqMtlEP68.sorCERfJ7LVO9.', '2025-10-22 11:30:07', '2025-10-22 08:32:23', 1, NULL),
	(7, 'Nicolly Clement de Freitas', '2007-07-25', '11928926150', '50674089871', 'clementnicolly@gmail.com', '$2y$10$0Igs1yOGF5dtBMYbX/vlme9BcBJ3gu/VfRlwxSsOjCwq6ytGu3dJi', '2025-10-22 14:07:05', '2025-10-22 11:08:02', 1, NULL),
	(8, 'nathally ferreira', '2007-08-13', '11999284328', '49681441800', 'nathally@gmail.com', '$2y$10$M45ldEWNbN1mc.pYonwGu.rJg9leM2BjTe3kynY6lN9K8KmVu.BPi', '2025-10-22 14:59:52', '2025-10-22 12:01:16', 1, NULL),
	(9, 'Maria Da Silva', '2005-04-29', '11967222222', '85577959047', 'Maria@gmail.com', '$2y$10$oUmViqIQVL8Ys.jdemrrSOuSFaoECwDtUIR.bxzDzVKW63npUZMK2', '2025-10-24 01:22:47', '2025-10-23 22:23:34', 1, NULL),
	(10, 'NIKOLAS DE SOUZA LIMA', '2007-04-29', '11968544129', '94883052079', 'nikolas.souzalima@gmail.com', '$2y$10$v.kne6EOxqqedvjM.eb8XeyDMEAtyVGzmbOvqsG4oY.U7ERED/HEu', '2025-12-05 22:47:17', '2025-12-05 20:28:17', 0, NULL),
	(12, 'Leandro Ferreira', '1988-10-20', '11968660027', '36571761874', 'leolfherr@outlook.com', '$2y$10$IFWVEf2eQsthrP.hIC5dmOqsRdnKV0Af3MT/DPAGxe.d9Osnf7NJK', '2025-12-09 15:30:06', '2025-12-10 13:49:27', 1, NULL),
	(13, 'NIKOLAS DE SOUZA LIMA', '2007-04-29', '11968549999', '36575449093', 'nikolas.souza@gmail.com', '$2y$10$T1RbS6BsFg1UIyXhurZDN.qPkwFhaInIlNqFZYMf6JwGXnqxWk5wC', '2025-12-09 16:51:04', NULL, 1, NULL),
	(14, 'Gustavo lima pinto', '2005-12-09', '(11) 9999-9999', '42502324840', 'pintonevesdasilva@gmail.com', '$2y$10$knlSXBhT0Ots6dlwZMjEou2Lv4auw9akP.Q/V4jg3p7jq0qkN8gdW', '2025-12-09 16:55:11', '2025-12-09 13:55:40', 1, NULL),
	(15, 'Carlos', '2005-12-25', '(11) 95349-4649', '12780544309', 'alves@gmail.com', '$2y$10$YwmXsr2g.p.zUBLww.W3TuUyzT0SwksVFLMEomrQzY05a6uOAnK8y', '2025-12-09 17:00:24', '2025-12-09 14:00:45', 1, NULL),
	(16, 'Ricardo Silva', '2000-03-29', '11983493280', '87496903027', 'Ricardo@gmail.com', '$2y$10$Msh0B2RkeCkolNtWHQJ3Pu0Hzb5DesC.qevGb8b7BCZ4JlIHklUNm', '2026-02-15 05:28:41', '2026-02-15 02:29:56', 1, NULL);

-- Copiando estrutura para tabela quaiat07_fws.vendas
CREATE TABLE IF NOT EXISTS `vendas` (
  `id` int(11) NOT NULL AUTO_INCREMENT,
  `funcionario_id` int(11) NOT NULL,
  `usuario_id` int(11) DEFAULT NULL,
  `total` decimal(10,2) NOT NULL,
  `situacao_compra` enum('em_preparo','pronto_para_retirar','finalizada','cancelada') DEFAULT 'em_preparo',
  `metodo_pagamento` enum('dinheiro','cartao_credito','cartao_debito','pix','boleto','outros') DEFAULT 'dinheiro',
  `tempo_chegada` time DEFAULT NULL,
  `data_criacao` datetime DEFAULT CURRENT_TIMESTAMP,
  `data_finalizacao` datetime DEFAULT NULL,
  `tempo_adicionado` enum('S','N') DEFAULT 'N',
  PRIMARY KEY (`id`),
  KEY `funcionario_id` (`funcionario_id`),
  KEY `usuario_id` (`usuario_id`),
  CONSTRAINT `vendas_ibfk_1` FOREIGN KEY (`funcionario_id`) REFERENCES `funcionarios` (`id`),
  CONSTRAINT `vendas_ibfk_2` FOREIGN KEY (`usuario_id`) REFERENCES `usuarios` (`id`)
) ENGINE=InnoDB AUTO_INCREMENT=81 DEFAULT CHARSET=utf8mb4;

-- Copiando dados para a tabela quaiat07_fws.vendas: ~52 rows (aproximadamente)
INSERT INTO `vendas` (`id`, `funcionario_id`, `usuario_id`, `total`, `situacao_compra`, `metodo_pagamento`, `tempo_chegada`, `data_criacao`, `data_finalizacao`, `tempo_adicionado`) VALUES
	(11, 1, 4, 10.50, 'cancelada', 'dinheiro', '00:45:00', '2025-10-30 11:05:40', NULL, NULL),
	(12, 1, 4, 54.48, 'cancelada', 'dinheiro', '00:45:00', '2025-11-26 18:39:32', NULL, NULL),
	(13, 1, 4, 168.49, 'cancelada', 'dinheiro', '00:45:00', '2025-12-02 08:04:03', NULL, NULL),
	(14, 1, 4, 176.60, 'cancelada', 'dinheiro', '00:15:00', '2025-12-04 01:45:51', NULL, NULL),
	(15, 1, 4, 69.90, 'cancelada', 'dinheiro', '00:15:00', '2025-12-04 01:48:58', NULL, NULL),
	(16, 1, 4, 69.90, 'finalizada', 'dinheiro', '00:15:00', '2025-12-04 01:51:46', '2025-12-04 01:59:00', 'N'),
	(17, 1, 4, 69.90, 'cancelada', 'dinheiro', '00:15:00', '2025-12-04 02:41:37', NULL, NULL),
	(18, 1, 4, 69.90, 'cancelada', 'dinheiro', '00:15:00', '2025-12-04 02:49:07', NULL, NULL),
	(19, 1, 4, 69.90, 'cancelada', 'dinheiro', '00:30:00', '2025-12-04 03:05:03', NULL, NULL),
	(20, 1, 4, 8.40, 'finalizada', 'dinheiro', '00:15:00', '2025-12-04 03:11:09', '2025-12-04 03:21:43', 'N'),
	(21, 1, 4, 8.40, 'cancelada', 'dinheiro', '00:15:00', '2025-12-04 03:43:55', NULL, NULL),
	(22, 1, 4, 69.90, 'finalizada', 'dinheiro', '00:15:00', '2025-12-04 10:06:57', '2025-12-04 10:15:39', 'N'),
	(23, 1, 4, 10.50, 'finalizada', 'dinheiro', '00:15:00', '2025-12-04 10:14:10', '2025-12-04 10:19:10', 'N'),
	(24, 1, 4, 69.90, 'finalizada', 'dinheiro', '00:15:00', '2025-12-04 10:19:49', '2025-12-04 10:29:26', 'N'),
	(25, 1, 4, 279.60, 'cancelada', 'dinheiro', '00:15:00', '2025-12-04 11:37:51', NULL, NULL),
	(26, 1, 4, 604.70, 'finalizada', 'cartao_debito', '00:15:00', '2025-12-04 14:41:53', '2025-12-04 14:52:09', 'N'),
	(27, 1, 4, 70.67, 'cancelada', 'dinheiro', '00:15:00', '2025-12-05 11:47:53', NULL, NULL),
	(28, 1, 4, 70.67, 'finalizada', 'dinheiro', '00:15:00', '2025-12-05 12:12:08', '2025-12-05 12:25:11', 'N'),
	(29, 1, 4, 70.67, 'finalizada', 'dinheiro', '00:15:00', '2025-12-05 12:49:57', '2025-12-05 12:54:16', 'N'),
	(30, 1, 4, 69.90, 'cancelada', 'dinheiro', '00:15:00', '2025-12-05 14:44:08', NULL, NULL),
	(32, 1, 10, 7.50, 'cancelada', 'cartao_debito', '00:15:00', '2025-12-05 20:39:00', NULL, NULL),
	(33, 1, 10, 31.99, 'cancelada', 'dinheiro', '00:15:00', '2025-12-06 00:29:36', NULL, NULL),
	(34, 1, 10, 14.50, 'cancelada', 'dinheiro', '00:15:00', '2025-12-06 18:21:59', NULL, NULL),
	(35, 1, 10, 8.00, 'cancelada', 'dinheiro', '00:30:00', '2025-12-06 18:27:11', NULL, NULL),
	(50, 1, 4, 14.50, 'finalizada', 'dinheiro', '00:30:00', '2025-12-07 12:22:44', '2025-12-12 12:34:27', 'S'),
	(51, 1, 4, 69.90, 'finalizada', 'dinheiro', '00:15:00', '2025-12-07 12:44:55', '2025-12-07 12:52:04', 'N'),
	(52, 1, 4, 319.90, 'finalizada', 'cartao_debito', '00:15:00', '2025-12-07 12:45:24', '2025-12-07 12:55:15', 'N'),
	(53, 1, 4, 1398.00, 'finalizada', 'cartao_credito', '00:15:00', '2025-12-07 12:47:26', '2025-12-07 12:57:24', 'N'),
	(54, 1, 4, 518.00, 'finalizada', 'dinheiro', '00:15:00', '2025-12-07 12:48:42', '2025-12-07 12:59:33', 'N'),
	(55, 1, 4, 1398.00, 'finalizada', 'dinheiro', '00:15:00', '2025-11-07 12:50:09', '2025-12-07 12:57:45', 'N'),
	(56, 1, 4, 518.00, 'finalizada', 'dinheiro', '00:15:00', '2025-12-07 12:50:51', '2025-12-07 13:55:48', 'N'),
	(57, 1, 4, 409.80, 'finalizada', 'dinheiro', '00:15:00', '2025-12-07 12:52:33', '2025-12-07 12:59:00', 'N'),
	(60, 1, 4, 184.78, 'finalizada', 'cartao_debito', '00:30:00', '2025-12-08 00:46:51', '2025-12-08 00:56:10', 'S'),
	(61, 1, 4, 213.20, 'finalizada', 'cartao_credito', '00:30:00', '2025-12-08 01:21:05', '2025-12-08 01:36:25', 'S'),
	(62, 1, 4, 8.00, 'finalizada', 'dinheiro', '00:15:00', '2025-12-08 10:08:27', '2025-12-08 10:26:36', 'N'),
	(64, 1, 4, 6.90, 'finalizada', 'dinheiro', '00:15:00', '2025-12-08 11:23:24', NULL, 'N'),
	(65, 1, 4, 3.99, 'finalizada', 'dinheiro', '00:30:00', '2025-12-08 11:41:33', '2025-12-08 12:00:37', 'S'),
	(66, 1, 4, 8.50, 'finalizada', 'dinheiro', '00:15:00', '2025-12-08 11:48:04', '2025-12-08 12:00:34', 'N'),
	(67, 1, 4, 167.80, 'finalizada', 'dinheiro', '00:30:00', '2025-12-09 03:02:36', '2025-12-09 03:09:16', 'S'),
	(68, 1, 4, 9.99, 'finalizada', 'dinheiro', '00:30:00', '2025-12-09 06:44:48', '2025-12-09 06:45:36', 'S'),
	(69, 1, 4, 26.97, 'finalizada', 'cartao_credito', '00:30:00', '2025-12-09 11:45:59', '2025-12-09 11:50:19', 'S'),
	(70, 1, 4, 53.94, 'finalizada', 'dinheiro', '00:30:00', '2025-12-09 12:26:47', '2025-12-09 12:30:10', 'S'),
	(71, 1, 4, 80.91, 'finalizada', 'dinheiro', '00:30:00', '2025-12-09 13:54:41', '2025-12-09 13:59:01', 'S'),
	(72, 1, 14, 55.92, 'cancelada', 'dinheiro', '01:00:00', '2025-12-09 13:57:24', NULL, 'S'),
	(73, 1, 15, 533.90, 'cancelada', 'cartao_debito', '00:45:00', '2025-12-09 14:02:17', NULL, 'N'),
	(74, 1, 15, 533.90, 'cancelada', 'dinheiro', '01:00:00', '2025-12-09 14:03:03', NULL, 'N'),
	(75, 1, 14, 855.04, 'cancelada', 'dinheiro', '01:00:00', '2025-12-09 14:05:30', NULL, 'N'),
	(76, 1, 15, 9716.80, 'finalizada', 'dinheiro', '00:45:00', '2025-12-09 14:20:40', '2025-12-09 14:24:55', 'N'),
	(77, 1, 16, 58.80, 'finalizada', 'pix', '00:45:00', '2026-02-15 02:38:27', '2026-02-15 02:47:23', 'S'),
	(78, 1, 16, 6.50, 'finalizada', 'dinheiro', '00:30:00', '2026-02-15 02:41:24', '2026-02-15 02:47:47', 'S'),
	(79, 1, 16, 9.99, 'finalizada', 'cartao_credito', '00:45:00', '2026-02-15 02:43:14', '2026-02-15 02:47:40', 'S'),
	(80, 1, 16, 8.49, 'finalizada', 'cartao_debito', '00:45:00', '2026-02-15 02:46:03', '2026-02-15 02:47:27', 'S');

-- Copiando estrutura para trigger quaiat07_fws.trg_nao_cancelar_finalizada
SET @OLDTMP_SQL_MODE=@@SQL_MODE, SQL_MODE='ONLY_FULL_GROUP_BY,STRICT_TRANS_TABLES,NO_ZERO_IN_DATE,NO_ZERO_DATE,ERROR_FOR_DIVISION_BY_ZERO,NO_ENGINE_SUBSTITUTION';
DELIMITER //
CREATE TRIGGER `trg_nao_cancelar_finalizada` BEFORE UPDATE ON `vendas` FOR EACH ROW BEGIN
    IF OLD.situacao_compra = 'finalizada' AND NEW.situacao_compra = 'cancelada' THEN
        SIGNAL SQLSTATE '45000'
        SET MESSAGE_TEXT = 'Não é possível cancelar uma venda finalizada';
    END IF;
END//
DELIMITER ;
SET SQL_MODE=@OLDTMP_SQL_MODE;

/*!40103 SET TIME_ZONE=IFNULL(@OLD_TIME_ZONE, 'system') */;
/*!40101 SET SQL_MODE=IFNULL(@OLD_SQL_MODE, '') */;
/*!40014 SET FOREIGN_KEY_CHECKS=IFNULL(@OLD_FOREIGN_KEY_CHECKS, 1) */;
/*!40101 SET CHARACTER_SET_CLIENT=@OLD_CHARACTER_SET_CLIENT */;
/*!40111 SET SQL_NOTES=IFNULL(@OLD_SQL_NOTES, 1) */;
